x0, y0, x1, y1, x2, y2, x3, y3, x4, y4, x5, y5
0, -0.479523, 0, -0.179165, 0, -1.07201, 0, -0.811523, 0, 1.23035, 0, -0.215881
1, -0.479584, 1, -0.45193, 1, -1.30964, 1, -0.811523, 1, 0.0358574, 1, -0.215881
2, -0.963623, 2, -0.550609, 2, -1.17955, 2, -0.811523, 2, 0.865633, 2, -0.474405
3, -0.967804, 3, -0.725815, 3, -0.107071, 3, -0.811523, 3, 0.221707, 3, -0.314669
4, 0.474091, 4, 1.45324, 4, -0.488016, 4, -0.811523, 4, 0.145227, 4, -0.489853
5, 0.0114441, 5, 0.676836, 5, -0.422011, 5, -0.438649, 5, -0.689805, 5, -1.19051
6, 1.957, 6, 1.87321, 6, -0.136876, 6, -0.694253, 6, 2.18207, 6, -0.798244
7, 0.50061, 7, 1.39734, 7, 0.444108, 7, 0.102957, 7, 1.88395, 7, -0.363446
8, 0.728729, 8, 1.21921, 8, -0.246344, 8, 0.0375357, 8, 1.85553, 8, -0.204864
9, 0.320312, 9, 1.17554, 9, -0.407869, 9, 0.281929, 9, 1.52578, 9, 0.0179955
10, 2.10608, 10, 1.75404, 10, -0.491391, 10, -0.123235, 10, 1.07196, 10, 0.15347
11, -0.129456, 11, 1.45273, 11, -0.287014, 11, 0.209515, 11, 1.34453, 11, 0.0134958
12, 1.65491, 12, 1.25847, 12, 0.248883, 12, 1.08495, 12, 0.678438, 12, 0.0475074
13, 0.624481, 13, 0.928279, 13, 0.905086, 13, -0.185605, 13, 0.696188, 13, -0.62427
14, -0.679077, 14, 1.02703, 14, 0.301614, 14, -0.0764727, 14, 1.22847, 14, -0.0362264
15, 3.03299, 15, 1.40904, 15, -0.0765676, 15, -0.716194, 15, 0.757299, 15, 0.0876938
16, 0.985321, 16, 1.36391, 16, 0.655595, 16, -0.685666, 16, 1.27595, 16, -0.518559
17, 0.985321, 17, 1.48192, 17, 0.417332, 17, 0.113098, 17, 1.64921, 17, -0.36298
18, 0.959259, 18, 1.41009, 18, 0.0257838, 18, 0.216099, 18, 0.700921, 18, 0.161566
19, 0.53125, 19, 0.223283, 19, -0.403742, 19, 0.343888, 19, -0.465817, 19, -0.264938
20, 1.19458, 20, 0.100762, 20, 0.179049, 20, 0.230187, 20, 0.644394, 20, -0.643344
21, 0.509796, 21, 0.835515, 21, -0.207804, 21, -0.180725, 21, 1.4528, 21, -0.741923
22, 0.70108, 22, 1.09602, 22, -0.552105, 22, -0.49257, 22, 1.10128, 22, -1.04606
23, -0.0173035, 23, 1.20599, 23, -0.366716, 23, -0.200906, 23, 0.440196, 23, -1.45882
24, -0.418243, 24, -0.076034, 24, -0.616373, 24, -0.267907, 24, 0.251603, 24, -0.512905
25, 0.972931, 25, -0.475056, 25, -1.77808, 25, -0.693419, 25, 0.0330521, 25, -0.558584
26, 0.49704, 26, 0.876565, 26, -1.36491, 26, -1.93237, 26, 0.504289, 26, -0.48375
27, 0.49704, 27, 0.695257, 27, -1.08889, 27, -0.215743, 27, 1.07963, 27, -0.538323
28, 1.46054, 28, 0.889634, 28, 0.395723, 28, -0.912915, 28, 0.777589, 28, -0.64229
29, 0.276672, 29, 0.222881, 29, 0.244708, 29, 1.34242, 29, 0.995672, 29, 0.161715
30, 0.016571, 30, 0.342636, 30, -0.33157, 30, 1.35561, 30, 0.964292, 30, 0.262052
31, 0.701355, 31, 0.131036, 31, -0.173444, 31, -0.363591, 31, 0.588106, 31, -0.130099
32, 0.966675, 32, 0.0620117, 32, -0.737241, 32, -0.244411, 32, 0.314622, 32, -0.457939
33, 0.102051, 33, 0.770055, 33, -0.584851, 33, 0.671322, 33, 1.00974, 33, -0.325081
34, 1.09637, 34, 0.768514, 34, -0.345284, 34, 0.895141, 34, 0.763633, 34, -0.0878096
35, -0.708954, 35, 0.407868, 35, 0.304613, 35, -0.807076, 35, -0.147146, 35, -0.241502
36, 0.310608, 36, 0.357072, 36, -0.0821957, 36, -0.916352, 36, 1.19117, 36, -0.583111
37, 0.0693665, 37, 0.819314, 37, -1.24108, 37, -0.429539, 37, 1.52221, 37, -0.295081
38, 0.65976, 38, 1.50216, 38, -0.419038, 38, -0.132678, 38, 0.927528, 38, 0.280864
39, 0.960297, 39, 0.502525, 39, 0.303193, 39, -0.0791491, 39, -0.197981, 39, -0.156471
40, 0.765747, 40, 0.958358, 40, 0.727112, 40, -1.40652, 40, -0.422771, 40, -0.802929
41, 0.74118, 41, 1.69136, 41, 0.486793, 41, -1.4101, 41, 0.139965, 41, -0.0103253
42, -0.79834, 42, 1.70534, 42, 1.52929, 42, -0.550894, 42, 1.18584, 42, 0.488532
43, 0.779968, 43, 0.917436, 43, 1.33928, 43, -0.138413, 43, 0.479835, 43, 0.26215
44, 0.768494, 44, 0.912906, 44, 0.679975, 44, 0.485387, 44, 0.338533, 44, 0.0818686
45, 0.313446, 45, 0.761386, 45, -0.405845, 45, 0.651776, 45, 1.62116, 45, -0.414997
46, 1.09195, 46, 0.406017, 46, -0.102953, 46, -0.487008, 46, 0.370435, 46, 0.239166
47, 0.411499, 47, 0.223512, 47, -0.263862, 47, 0.138705, 47, 0.28446, 47, 0.316829
48, 0.846924, 48, 0.0115257, 48, -0.414565, 48, -0.157635, 48, 0.241953, 48, 0.124962
49, 0.791779, 49, 0.177089, 49, -0.263078, 49, 0.237953, 49, 0.0221428, 49, -0.45923
50, 0.166168, 50, 0.319898, 50, -0.664379, 50, 0.2218, 50, 0.641581, 50, -0.699328
51, -0.18399, 51, 0.820942, 51, -0.748406, 51, -0.742131, 51, -0.296181, 51, -0.166406
52, -0.235382, 52, 0.730553, 52, -0.349721, 52, 0.20049, 52, 0.277839, 52, -0.773355
53, -1.62329, 53, 0.273861, 53, -0.329488, 53, 0.455642, 53, 1.49204, 53, -0.853645
54, -0.730103, 54, 0.437412, 54, -0.43788, 54, -0.25458, 54, 0.494637, 54, -0.479341
55, 0.773132, 55, 0.902865, 55, 1.04531, 55, -0.0594446, 55, 0.673026, 55, -0.60785
56, 0.128967, 56, 0.950597, 56, 0.710916, 56, -0.325687, 56, 0.89525, 56, -0.663639
57, 0.439697, 57, 1.73043, 57, 1.12891, 57, 0.9744, 57, 1.08429, 57, -0.299942
58, 1.14209, 58, 1.46237, 58, 0.553428, 58, 1.02297, 58, 1.79738, 58, 0.399247
59, -0.272766, 59, 0.595012, 59, 0.149858, 59, 0.858174, 59, 1.31627, 59, 0.213715
60, 0.590149, 60, 0.402152, 60, -0.240332, 60, 0.741609, 60, 0.965969, 60, 0.245482
61, 1.16718, 61, 0.982777, 61, 0.399039, 61, 0.947697, 61, 1.23579, 61, 0.552241
62, 0.380585, 62, 0.511305, 62, 0.961156, 62, -0.119634, 62, 0.466357, 62, 0.694447
63, 0.0419006, 63, 0.819569, 63, 0.661393, 63, -0.652379, 63, 0.912225, 63, 0.195606
64, -0.201813, 64, 1.17507, 64, 1.68785, 64, -1.25509, 64, 1.64943, 64, 0.282088
65, -0.0249329, 65, 1.02441, 65, 1.35777, 65, -0.289436, 65, 1.13721, 65, 0.470228
66, -0.625427, 66, 1.30903, 66, 0.227546, 66, 0.45165, 66, 0.582939, 66, -0.325984
67, -0.0819092, 67, 1.40873, 67, -0.496263, 67, -0.186714, 67, 0.444791, 67, -0.726876
68, -0.854919, 68, 0.509431, 68, -0.997192, 68, -0.0944553, 68, -0.309084, 68, -0.782656
69, 0.756805, 69, 0.601905, 69, -0.418327, 69, 0.317159, 69, 0.449336, 69, -0.517715
70, -0.0838013, 70, 1.30482, 70, -0.423833, 70, -0.687951, 70, -0.0937985, 70, -0.315348
71, -0.867859, 71, 1.22883, 71, -0.258247, 71, -1.61376, 71, -0.55479, 71, -0.180266
72, 1.11502, 72, 1.29897, 72, -0.823376, 72, -1.18969, 72, -0.126583, 72, -0.158566
73, 0.644867, 73, 0.912745, 73, -0.990523, 73, -0.787281, 73, 0.293735, 73, -0.475539
74, 0.49704, 74, 0.426524, 74, -0.098847, 74, -0.30445, 74, -0.12482, 74, -0.68003
75, -0.32074, 75, 0.31488, 75, 0.233035, 75, -0.53325, 75, 0.196696, 75, -0.294386
76, 0.133636, 76, -0.159113, 76, 0.0641038, 76, -0.205983, 76, 1.31359, 76, -0.174127
77, 0.0483398, 77, 0.144448, 77, 0.154826, 77, 0.809815, 77, 0.857103, 77, 0.0500477
78, -0.40155, 78, 0.798168, 78, 0.224054, 78, 1.05749, 78, 0.556197, 78, 0.0277167
79, -0.685944, 79, 0.786271, 79, 0.575802, 79, 0.932432, 79, 0.36963, 79, -0.597545
80, 0.733185, 80, 0.60069, 80, -0.361344, 80, -0.234737, 80, 0.791229, 80, -0.892291
81, -0.0664062, 81, 0.921911, 81, 0.637911, 81, -0.642535, 81, 0.242113, 81, -0.658975
82, 0.616425, 82, 1.10913, 82, -0.219872, 82, -0.641509, 82, 1.55354, 82, -0.574983
83, -0.118805, 83, 0.70586, 83, 0.260249, 83, -0.534134, 83, 1.59714, 83, -0.465893
84, 1.05649, 84, 0.863546, 84, 0.483873, 84, 0.344736, 84, -0.00494735, 84, -0.278583
85, 1.44403, 85, 1.7066, 85, -0.635989, 85, -0.166318, 85, -0.399012, 85, -0.338374
86, -1.07074, 86, 1.68073, 86, -0.456674, 86, -0.137037, 86, 0.778881, 86, 0.033342
87, 0.00299072, 87, 1.49566, 87, 0.299185, 87, 0.00397162, 87, 1.03328, 87, 0.517308
88, -0.577393, 88, 0.992579, 88, 0.483206, 88, -0.246415, 88, 0.306665, 88, 0.0787255
89, 0.732178, 89, 1.0203, 89, -0.845961, 89, -0.581192, 89, 0.461589, 89, -0.245649
90, 1.19351, 90, 1.36962, 90, -0.0441246, 90, 0.148116, 90, 1.29463, 90, 0.681224
91, 2.06177, 91, 0.605596, 91, 0.659264, 91, 0.51008, 91, 0.819973, 91, 1.16459
92, 1.38187, 92, 0.0801599, 92, 0.285269, 92, 0.439896, 92, 0.315243, 92, 0.937994
93, 0.621246, 93, 0.449486, 93, 0.15088, 93, 0.40918, 93, 0.0372405, 93, 0.663702
94, -0.6922, 94, 0.752254, 94, 0.371596, 94, -0.581585, 94, -0.36527, 94, 0.303493
95, 0, 95, 1.88127, 95, 0.310825, 95, 0.207418, 95, -0.998438, 95, 0.0757288
96, 0.0612793, 96, 1.41404, 96, 0.607095, 96, -0.120113, 96, -0.144233, 96, -0.562998
97, 1.16275, 97, 1.50953, 97, -0.255474, 97, 0.27792, 97, -0.106209, 97, -0.857827
98, 1.28067, 98, 0.857283, 98, -0.29648, 98, 0.097577, 98, 1.01848, 98, 0.147952
99, 0.0747986, 99, 0.334708, 99, 0.14519, 99, 0.461837, 99, 0.444051, 99, 0.600678
100, -0.0437622, 100, 0.693159, 100, 0.223546, 100, -0.0508514, 100, 0.000460913, 100, -0.154078
101, 1.34259, 101, 0.996089, 101, 0.116316, 101, 0.54955, 101, -0.221873, 101, -0.504089
102, -0.748993, 102, 0.913697, 102, -10.4059, 102, 0.911548, 102, 0.893483, 102, -0.386438
103, -1.07635, 103, -0.398856, 103, -41.3943, 103, -0.261298, 103, -2.24326, 103, -1.55533
104, -0.20462, 104, -3.14273, 104, -71.9567, 104, -4.07913, 104, -13.3281, 104, -7.94403
105, 0.00875854, 105, -5.91582, 105, -87.6102, 105, -10.0807, 105, -24.2348, 105, -18.9029
106, 0.208923, 106, -8.51873, 106, -92.8206, 106, -13.7211, 106, -30.8478, 106, -28.7357
107, -0.362091, 107, -9.87465, 107, -94.2932, 107, -16.2867, 107, -32.0553, 107, -35.4844
108, -1.10413, 108, -10.1651, 108, -95.4996, 108, -16.8103, 108, -32.7448, 108, -39.0591
109, -0.365906, 109, -9.30248, 109, -98.3097, 109, -16.8051, 109, -34.7248, 109, -40.0534
110, 0.626129, 110, -9.71902, 110, -101.312, 110, -18.0242, 110, -36.6014, 110, -40.6288
111, -1.2272, 111, -9.77208, 111, -102.484, 111, -18.9559, 111, -38.4881, 111, -41.4342
112, 1.19858, 112, -8.7541, 112, -103.609, 112, -19.2357, 112, -39.5775, 112, -41.2133
113, -0.0966187, 113, -8.53545, 113, -107.011, 113, -19.2301, 113, -41.5465, 113, -40.4237
114, -0.463837, 114, -9.28208, 114, -110.395, 114, -20.4164, 114, -43.2611, 114, -45.2399
115, -0.479523, 115, -9.23094, 115, -112.408, 115, -21.692, 115, -43.2011, 115, -52.4079
116, -0.708954, 116, -9.42494, 116, -115.283, 116, -22.1493, 116, -43.0415, 116, -50.7237
117, -1.17838, 117, -10.5934, 117, -117.946, 117, -22.0342, 117, -44.0254, 117, -44.6975
118, 1.05417, 118, -10.9991, 118, -120.629, 118, -23.9196, 118, -45.0996, 118, -43.9875
119, 0.320251, 119, -10.854, 119, -123.934, 119, -24.7893, 119, -45.7549, 119, -46.3524
120, 0.252899, 120, -11.2748, 120, -126.402, 120, -25.2142, 120, -45.9359, 120, -47.2908
121, 0.0218201, 121, -12.1559, 121, -129.009, 121, -25.1077, 121, -47.6833, 121, -47.8474
122, 0.711853, 122, -12.8441, 122, -131.011, 122, -25.3273, 122, -49.4703, 122, -49.6601
123, 0.504486, 123, -12.8089, 123, -133.041, 123, -25.4779, 123, -50.1978, 123, -51.8141
124, 0.971802, 124, -12.4708, 124, -135.482, 124, -25.8876, 124, -51.6537, 124, -53.3097
125, 0.514679, 125, -13.1373, 125, -138.443, 125, -26.7085, 125, -54.1527, 125, -55.3754
126, 1.19363, 126, -14.101, 126, -140.214, 126, -27.6012, 126, -55.7517, 126, -58.3536
127, -0.383026, 127, -14.1419, 127, -141.908, 127, -29.2812, 127, -56.8553, 127, -60.471
128, 0.434387, 128, -13.8068, 128, -144.644, 128, -29.5591, 128, -57.0939, 128, -61.3282
129, -0.410156, 129, -14.0112, 129, -148.727, 129, -29.3851, 129, -58.5867, 129, -62.4522
130, -0.0298157, 130, -14.654, 130, -152.027, 130, -29.9172, 130, -60.126, 130, -64.8363
131, 0.67807, 131, -14.6128, 131, -154.087, 131, -31.0113, 131, -61.9587, 131, -66.9618
132, 0.518982, 132, -14.5119, 132, -156.594, 132, -32.057, 132, -64.4637, 132, -67.7441
133, -0.162781, 133, -15.2866, 133, -159.196, 133, -31.7743, 133, -66.4401, 133, -68.1918
134, 0.202606, 134, -15.9198, 134, -162.126, 134, -32.7555, 134, -68.2465, 134, -68.9162
135, 0.0324707, 135, -16.1565, 135, -166.232, 135, -34.9457, 135, -68.7712, 135, -69.1943
136, 0.229584, 136, -16.6131, 136, -170.374, 136, -37.9081, 136, -70.2026, 136, -69.1721
137, -0.407806, 137, -16.48, 137, -175.584, 137, -38.9846, 137, -71.7514, 137, -70.1543
138, -0.261597, 138, -16.6065, 138, -181.673, 138, -38.3315, 138, -72.2687, 138, -71.7354
139, -0.879456, 139, -17.55, 139, -185.863, 139, -38.5501, 139, -73.8618, 139, -73.443
140, -2.02661, 140, -17.883, 140, -189.329, 140, -39.7565, 140, -76.8057, 140, -75.1607
141, -0.314117, 141, -18.863, 141, -193.61, 141, -39.8732, 141, -79.4083, 141, -76.4227
142, -0.39978, 142, -19.2949, 142, -197.427, 142, -39.9902, 142, -80.9614, 142, -77.185
143, -0.0742188, 143, -19.8243, 143, -201.078, 143, -41.3452, 143, -81.7667, 143, -77.4116
144, -0.195221, 144, -21.0293, 144, -204.237, 144, -44.2227, 144, -82.6498, 144, -78.0509
145, -0.235382, 145, -22.3391, 145, -206.519, 145, -46.7259, 145, -83.7142, 145, -79.7429
146, -0.0265198, 146, -22.9774, 146, -208.449, 146, -48.4461, 146, -83.5969, 146, -82.0166
147, -1.45584, 147, -22.0105, 147, -210.581, 147, -48.4825, 147, -83.0058, 147, -83.4621
148, -0.451996, 148, -23.5677, 148, -212.58, 148, -48.527, 148, -83.7743, 148, -84.0611
149, -0.0286255, 149, -23.8311, 149, -214.564, 149, -48.1735, 149, -84.5724, 149, -85.5023
150, -0.813721, 150, -25.2969, 150, -217.044, 150, -48.5976, 150, -85.0313, 150, -87.5844
151, -0.761993, 151, -26.8219, 151, -219.655, 151, -49.1958, 151, -86.3229, 151, -89.0723
152, 0.52298, 152, -25.9194, 152, -222.278, 152, -49.2162, 152, -87.2461, 152, -89.6938
153, -0.724609, 153, -26.8673, 153, -224.741, 153, -49.8118, 153, -87.9831, 153, -90.287
154, 0.485718, 154, -27.8027, 154, -226.697, 154, -49.7721, 154, -89.4547, 154, -91.627
155, -1.90909, 155, -27.3103, 155, -228.759, 155, -49.8184, 155, -90.9477, 155, -93.2188
156, -0.00805664, 156, -28.7792, 156, -231.466, 156, -51.1803, 156, -91.9387, 156, -94.2693
157, -0.310425, 157, -28.5512, 157, -234.79, 157, -51.6131, 157, -93.2272, 157, -94.7226
158, -0.479523, 158, -28.2622, 158, -237.471, 158, -51.6007, 158, -95.286, 158, -95.9481
159, -0.682831, 159, -28.4315, 159, -239.37, 159, -52.0673, 159, -96.3569, 159, -97.9198
160, -0.314545, 160, -29.959, 160, -241.727, 160, -53.4036, 160, -97.4473, 160, -98.9543
161, -0.0283203, 161, -30.2598, 161, -245.306, 161, -54.2849, 161, -97.8363, 161, -99.6068
162, 0.216492, 162, -30.3907, 162, -249.923, 162, -55.9176, 162, -98.6858, 162, -100.412
163, -0.157837, 163, -31.0013, 163, -254.027, 163, -57.1085, 163, -100.798, 163, -101.045
164, -0.839905, 164, -31.1793, 164, -256.886, 164, -57.4245, 164, -102.353, 164, -101.913
165, -0.768677, 165, -32.0916, 165, -259.671, 165, -57.2908, 165, -103.316, 165, -102.893
166, -1.71811, 166, -31.2983, 166, -262.351, 166, -56.891, 166, -104.532, 166, -103.798
167, 0.247345, 167, -31.4922, 167, -265.043, 167, -57.7125, 167, -105.833, 167, -104.968
168, -0.852417, 168, -32.0253, 168, -266.84, 168, -58.7871, 168, -106.301, 168, -106.93
169, 0.374664, 169, -31.5703, 169, -268.032, 169, -59.1294, 169, -107.035, 169, -107.828
170, -0.435364, 170, -30.9245, 170, -270.114, 170, -58.5201, 170, -108.53, 170, -108.147
171, -0.723663, 171, -31.5161, 171, -273.531, 171, -57.9005, 171, -109.33, 171, -108.957
172, -0.53479, 172, -32.1591, 172, -276.604, 172, -58.659, 172, -109.038, 172, -108.443
173, -1.23608, 173, -32.0431, 173, -278.5, 173, -60.6597, 173, -109.266, 173, -107.77
174, -0.877991, 174, -32.8555, 174, -279.505, 174, -60.2805, 174, -111.095, 174, -108.285
175, -0.527618, 175, -32.5104, 175, -280.384, 175, -60.0345, 175, -112.487, 175, -108.563
176, -0.479523, 176, -32.5493, 176, -281.158, 176, -60.8565, 176, -112.275, 176, -108.971
177, -0.678314, 177, -31.9424, 177, -281.906, 177, -62.0354, 177, -113.011, 177, -109.631
178, -0.723663, 178, -31.7838, 178, -282.9, 178, -62.6651, 178, -116.545, 178, -110.295
179, -0.121826, 179, -31.6823, 179, -284.659, 179, -62.5189, 179, -118.545, 179, -111.366
180, -0.19223, 180, -32.5075, 180, -286.862, 180, -62.2147, 180, -118.59, 180, -111.983
181, -2.05057, 181, -34.0018, 181, -289.371, 181, -60.9458, 181, -118.085, 181, -112.032
182, -0.596283, 182, -34.5879, 182, -291.826, 182, -61.2504, 182, -118.946, 182, -112.766
183, -0.0292664, 183, -33.2895, 183, -294.638, 183, -61.4693, 183, -120.326, 183, -113.695
184, -1.65344, 184, -33.4759, 184, -297.847, 184, -61.5263, 184, -121.366, 184, -114.212
185, -1.53207, 185, -34.0666, 185, -301.608, 185, -61.7272, 185, -121.698, 185, -115.177
186, -0.446075, 186, -33.9449, 186, -305.343, 186, -63.1758, 186, -122.02, 186, -114.797
187, -0.0368347, 187, -33.9907, 187, -308.846, 187, -64.2593, 187, -122.204, 187, -114.677
188, -0.980133, 188, -33.9657, 188, -311.635, 188, -64.6395, 188, -122.374, 188, -115.642
189, -0.616974, 189, -33.5677, 189, -313.34, 189, -65.7182, 189, -122.229, 189, -116.182
190, -0.279724, 190, -34.0029, 190, -313.475, 190, -66.4533, 190, -121.811, 190, -116.161
191, -1.64218, 191, -34.3116, 191, -312.545, 191, -66.2755, 191, -122.004, 191, -116.215
192, -0.138062, 192, -34.5464, 192, -311.816, 192, -66.3848, 192, -122.437, 192, -116.689
193, -2.13449, 193, -35.0195, 193, -311.714, 193, -67.1337, 193, -122.481, 193, -116.853
194, -2.28305, 194, -34.5278, 194, -312.557, 194, -67.7441, 194, -124.572, 194, -117.509
195, -2.58047, 195, -33.7594, 195, -314.017, 195, -67.3015, 195, -126.348, 195, -117.992
196, -0.521729, 196, -34.1285, 196, -314.228, 196, -67.6007, 196, -125.862, 196, -117.8
197, -0.973633, 197, -34.3414, 197, -314.288, 197, -68.2252, 197, -126.19, 197, -117.12
198, -1.21194, 198, -35.1739, 198, -315.308, 198, -68.5583, 198, -127.999, 198, -116.3
199, -1.4068, 199, -34.8442, 199, -317.738, 199, -68.1193, 199, -128.687, 199, -115.75
200, -1.26349, 200, -34.7749, 200, -320.228, 200, -68.3147, 200, -128.515, 200, -116.452
201, -1.21194, 201, -32.6995, 201, -321.343, 201, -69.9941, 201, -128.87, 201, -117.835
202, -1.76825, 202, -33.5961, 202, -322.387, 202, -72.343, 202, -129.436, 202, -119.463
203, -1.02295, 203, -33.9307, 203, -323.326, 203, -72.8693, 203, -130.084, 203, -120.257
204, -1.6427, 204, -34.9038, 204, -323.525, 204, -72.7862, 204, -129.259, 204, -120.769
205, -1.02176, 205, -34.9685, 205, -324.719, 205, -72.4044, 205, -128.423, 205, -121.753
206, -2.21371, 206, -33.6844, 206, -327.609, 206, -73.9782, 206, -128.386, 206, -121.841
207, -3.05099, 207, -34.3241, 207, -331.29, 207, -75.093, 207, -129.207, 207, -121.856
208, -2.97784, 208, -34.4714, 208, -334.956, 208, -75.7209, 208, -129.79, 208, -122.616
209, -2.92093, 209, -34.3674, 209, -337.435, 209, -74.9087, 209, -130.368, 209, -123.611
210, -3.29633, 210, -35.1495, 210, -337.414, 210, -75.1464, 210, -130.344, 210, -124.124
211, -2.09445, 211, -35.058, 211, -336.706, 211, -76.407, 211, -130.203, 211, -124.026
212, -1.88776, 212, -35.6567, 212, -336.242, 212, -76.6115, 212, -130.181, 212, -123.685
213, -2.50345, 213, -36.4909, 213, -336.17, 213, -77.4576, 213, -130.929, 213, -123.462
214, -2.30908, 214, -37.5517, 214, -336.077, 214, -77.904, 214, -131.502, 214, -123.127
215, -2.36948, 215, -36.0963, 215, -335.855, 215, -77.033, 215, -133.025, 215, -122.513
216, -2.78641, 216, -35.9774, 216, -335.96, 216, -77.7752, 216, -134.068, 216, -122.682
217, -3.43942, 217, -36.104, 217, -337.6, 217, -77.6168, 217, -135.237, 217, -122.46
218, -2.63913, 218, -36.5391, 218, -339.181, 218, -77.577, 218, -136.042, 218, -122.482
219, -3.02017, 219, -37.2318, 219, -339.594, 219, -77.5475, 219, -138.511, 219, -122.628
220, -2.08652, 220, -37.8106, 220, -339.19, 220, -77.6252, 220, -139.941, 220, -122.943
221, -2.27744, 221, -37.5206, 221, -338.066, 221, -76.6059, 221, -140.914, 221, -122.08
222, -1.71091, 222, -37.4683, 222, -336.569, 222, -76.0177, 222, -141.502, 222, -121.463
223, -2.31351, 223, -37.5192, 223, -335.504, 223, -77.575, 223, -140.783, 223, -122.122
224, -2.45529, 224, -36.8816, 224, -336.118, 224, -78.349, 224, -140.259, 224, -122.501
225, -1.88245, 225, -37.5515, 225, -337.439, 225, -78.638, 225, -140.05, 225, -122.633
226, -1.39963, 226, -38.4606, 226, -338.126, 226, -79.6375, 226, -139.958, 226, -122.548
227, -1.65469, 227, -38.7269, 227, -338.293, 227, -79.6678, 227, -141.072, 227, -123.175
228, -1.65521, 228, -37.92, 228, -338.761, 228, -79.2734, 228, -141.522, 228, -124.084
229, -2.02121, 229, -38.0572, 229, -340.048, 229, -79.1807, 229, -141.294, 229, -124.649
230, -1.73962, 230, -38.5806, 230, -342.043, 230, -79.4346, 230, -141.04, 230, -125.03
231, -1.0748, 231, -37.8767, 231, -344.752, 231, -80.2765, 231, -141.482, 231, -124.986
232, -2.06131, 232, -38.4231, 232, -347.867, 232, -80.8024, 232, -141.581, 232, -124.776
233, -2.51102, 233, -38.5552, 233, -349.853, 233, -82.0677, 233, -140.649, 233, -125.341
234, -2.46149, 234, -40.2986, 234, -350.646, 234, -83.5884, 234, -139.9, 234, -125.941
235, -2.67679, 235, -41.1085, 235, -351.146, 235, -83.9632, 235, -139.717, 235, -125.466
236, -2.40314, 236, -40.6412, 236, -352.732, 236, -83.2064, 236, -140.336, 236, -124.246
237, -2.05106, 237, -39.5433, 237, -355.671, 237, -82.9433, 237, -141.883, 237, -123.518
238, -1.80597, 238, -40.3385, 238, -357.884, 238, -82.9239, 238, -143.026, 238, -123.38
239, -1.97845, 239, -40.4441, 239, -359.651, 239, -82.9874, 239, -143.337, 239, -123.188
240, -2.18851, 240, -39.4438, 240, -361.99, 240, -83.069, 240, -143.626, 240, -123.248
241, -2.3309, 241, -40.3673, 241, -364.468, 241, -83.4563, 241, -143.825, 241, -122.837
242, -2.28589, 242, -39.3371, 242, -365.615, 242, -84.2483, 242, -143.853, 242, -122.187
243, -2.18851, 243, -39.8195, 243, -365.013, 243, -84.5973, 243, -143.596, 243, -122.252
244, -2.64801, 244, -39.3431, 244, -363.065, 244, -84.5715, 244, -143.393, 244, -122.065
245, -3.69662, 245, -38.0531, 245, -361.82, 245, -84.7896, 245, -144.153, 245, -121.538
246, -2.27679, 246, -39.3415, 246, -361.909, 246, -84.9996, 246, -144.748, 246, -121.438
247, -2.30164, 247, -38.7998, 247, -360.712, 247, -84.4687, 247, -145.979, 247, -121.854
248, -0.88382, 248, -37.9787, 248, -359.244, 248, -84.2627, 248, -146.396, 248, -121.9
249, -0.377136, 249, -38.2823, 249, -357.272, 249, -84.3749, 249, -145.983, 249, -121.614
250, -1.51038, 250, -37.7698, 250, -357.253, 250, -84.3303, 250, -145.821, 250, -121.333
251, -2.25748, 251, -37.9102, 251, -356.927, 251, -84.094, 251, -145.427, 251, -120.087
252, -1.80603, 252, -38.1974, 252, -356.597, 252, -83.8666, 252, -144.862, 252, -118.782
253, -1.45609, 253, -38.0855, 253, -358.472, 253, -83.3939, 253, -144.614, 253, -117.942
254, -2.56186, 254, -38.7502, 254, -362.116, 254, -82.6135, 254, -144.846, 254, -117.572
255, -2.68631, 255, -38.4289, 255, -364.209, 255, -82.0692, 255, -144.917, 255, -117.28
256, -2.43265, 256, -37.5204, 256, -364.365, 256, -81.8887, 256, -145.346, 256, -116.948
257, -2.59335, 257, -38.0136, 257, -363.691, 257, -81.9859, 257, -145.871, 257, -116.549
258, -2.67679, 258, -37.717, 258, -363.632, 258, -82.0904, 258, -146.403, 258, -116.709
259, -3.47198, 259, -38.2431, 259, -363.969, 259, -82.3704, 259, -145.753, 259, -116.881
260, -3.10855, 260, -38.14, 260, -366.852, 260, -82.4276, 260, -144.95, 260, -114.971
261, -2.52032, 261, -38.0197, 261, -370.326, 261, -81.3661, 261, -143.727, 261, -114.155
262, -2.90173, 262, -38.7266, 262, -370.213, 262, -81.478, 262, -143.736, 262, -114.595
263, -2.5372, 263, -39.5174, 263, -367.893, 263, -80.8995, 263, -144.461, 263, -115.139
264, -1.55847, 264, -39.0095, 264, -366.048, 264, -80.0062, 264, -143.896, 264, -115.824
265, -2.4841, 265, -39.4622, 265, -365.292, 265, -79.6998, 265, -143.334, 265, -115.68
266, -2.36578, 266, -39.7136, 266, -365.36, 266, -79.5079, 266, -144.048, 266, -116.762
267, -2.41995, 267, -39.3811, 267, -364.454, 267, -80.7464, 267, -144.014, 267, -117.235
268, -2.36481, 268, -38.5716, 268, -362.515, 268, -81.4844, 268, -143.215, 268, -116.806
269, -1.72925, 269, -39.4504, 269, -360.572, 269, -82.1135, 269, -143.152, 269, -117.704
270, -2.95471, 270, -39.2544, 270, -359.675, 270, -81.6677, 270, -142.965, 270, -119.029
271, -2.8801, 271, -38.3313, 271, -358.932, 271, -81.5723, 271, -141.934, 271, -119.974
272, -2.04898, 272, -38.7157, 272, -357.398, 272, -82.9666, 272, -140.759, 272, -120.322
273, -2.60718, 273, -39.4882, 273, -355.696, 273, -82.6764, 273, -141.375, 273, -119.838
274, -2.91611, 274, -39.3658, 274, -355.806, 274, -83.4111, 274, -141.622, 274, -119.875
275, -2.79367, 275, -38.1948, 275, -356.696, 275, -83.7873, 275, -141.497, 275, -121.165
276, -2.14322, 276, -39.2031, 276, -356.549, 276, -83.6469, 276, -142.797, 276, -121.992
277, -1.85257, 277, -37.5592, 277, -355.921, 277, -83.5802, 277, -143.728, 277, -123.125
278, -2.67679, 278, -37.9037, 278, -355.369, 278, -83.7498, 278, -143.348, 278, -123.918
279, -2.8764, 279, -38.8026, 279, -354.983, 279, -83.6395, 279, -142.319, 279, -123.422
280, -2.87415, 280, -38.8059, 280, -355.486, 280, -84.2788, 280, -141.731, 280, -122.589
281, -2.80435, 281, -38.3772, 281, -355.941, 281, -84.8857, 281, -140.923, 281, -121.976
282, -3.49759, 282, -37.8889, 282, -357.017, 282, -85.3875, 282, -139.666, 282, -122.044
283, -4.16208, 283, -37.5782, 283, -358.609, 283, -84.7993, 283, -139.294, 283, -122.261
284, -4.30209, 284, -36.954, 284, -358.937, 284, -84.38, 284, -138.434, 284, -122.17
285, -2.59799, 285, -36.0846, 285, -357.391, 285, -82.8286, 285, -138.609, 285, -122.634
286, -2.97577, 286, -37.3965, 286, -356.249, 286, -81.991, 286, -139.945, 286, -123.426
287, -3.83395, 287, -37.9328, 287, -355.703, 287, -81.2983, 287, -140.241, 287, -123.498
288, -3.09021, 288, -39.4737, 288, -355.668, 288, -81.5102, 288, -138.791, 288, -123.735
289, -3.4296, 289, -39.9592, 289, -355.637, 289, -81.232, 289, -137.42, 289, -124.604
290, -4.91269, 290, -39.4085, 290, -355.357, 290, -80.7347, 290, -137.048, 290, -124.589
291, -5.05035, 291, -38.6778, 291, -355.371, 291, -80.0529, 291, -137.017, 291, -124.085
292, -3.72214, 292, -38.1112, 292, -355.863, 292, -79.3376, 292, -137.135, 292, -124.218
293, -3.82687, 293, -36.928, 293, -356.331, 293, -79.1807, 293, -137.475, 293, -124.337
294, -3.57968, 294, -37.4663, 294, -356.6, 294, -79.1807, 294, -137.157, 294, -124.369
295, -3.33286, 295, -37.4068, 295, -356.315, 295, -81.5954, 295, -135.951, 295, -123.552
296, -2.69479, 296, -37.3707, 296, -355.783, 296, -81.9722, 296, -135.058, 296, -122.761
297, -1.8602, 297, -35.9206, 297, -356.529, 297, -81.3286, 297, -134.175, 297, -122.174
298, -2.02786, 298, -36.5603, 298, -358.489, 298, -81.4991, 298, -133.236, 298, -121.971
299, -2.32565, 299, -35.953, 299, -359.724, 299, -81.0801, 299, -132.45, 299, -121.773
300, -3.35498, 300, -36.2122, 300, -360.636, 300, -80.0041, 300, -131.958, 300, -120.86
301, -2.89197, 301, -36.8041, 301, -361.156, 301, -80.4012, 301, -132.568, 301, -119.756
302, -3.27081, 302, -34.5172, 302, -361.64, 302, -79.7378, 302, -133.48, 302, -118.663
303, -2.65253, 303, -34.5545, 303, -361.363, 303, -78.1861, 303, -133.243, 303, -117.796
304, -2.54779, 304, -34.6517, 304, -360.268, 304, -77.5591, 304, -132.254, 304, -117.05
305, -3.52441, 305, -34.5828, 305, -358.16, 305, -78.3579, 305, -131.488, 305, -115.942
306, -2.30051, 306, -34.3682, 306, -355.756, 306, -78.1521, 306, -130.749, 306, -114.993
307, -3.24042, 307, -33.8407, 307, -353.4, 307, -77.2896, 307, -129.818, 307, -114.605
308, -3.80731, 308, -34.3901, 308, -350.82, 308, -77.8499, 308, -128.751, 308, -115.353
309, -3.79456, 309, -34.7272, 309, -347.629, 309, -77.337, 309, -127.873, 309, -116.887
310, -2.18851, 310, -34.1279, 310, -345.319, 310, -76.681, 310, -127.239, 310, -117.487
311, -2.18851, 311, -34.3583, 311, -344.373, 311, -76.3392, 311, -126.726, 311, -117.043
312, -2.38193, 312, -33.4481, 312, -342.619, 312, -76.257, 312, -126.445, 312, -116.817
313, -3.45422, 313, -32.7764, 313, -341.112, 313, -76.251, 313, -126.716, 313, -116.659
314, -3.4697, 314, -33.1724, 314, -340.242, 314, -76.251, 314, -127.282, 314, -116.691
315, -2.17938, 315, -31.906, 315, -339.75, 315, -75.8916, 315, -127.77, 315, -116.267
316, -2.5419, 316, -32.7152, 316, -340.546, 316, -76.1337, 316, -128.892, 316, -115.578
317, -2.60593, 317, -32.3985, 317, -341.026, 317, -76.9777, 317, -129.975, 317, -115.061
318, -3.16852, 318, -31.9786, 318, -340.317, 318, -76.8591, 318, -130.381, 318, -115.241
319, -3.04443, 319, -32.4382, 319, -338.836, 319, -76.57, 319, -130.425, 319, -114.902
320, -3.36774, 320, -32.6349, 320, -337.118, 320, -76.3301, 320, -129.807, 320, -114.115
321, -2.78311, 321, -32.1373, 321, -335.236, 321, -74.787, 321, -128.584, 321, -114.897
322, -3.4418, 322, -32.7634, 322, -333.661, 322, -74.4366, 322, -127.891, 322, -114.628
323, -3.54266, 323, -32.1112, 323, -332.19, 323, -74.6752, 323, -126.846, 323, -113.869
324, -3.04877, 324, -31.538, 324, -332.15, 324, -73.5892, 324, -126.619, 324, -113.583
325, -3.2229, 325, -30.4173, 325, -332.789, 325, -73.6554, 325, -127.427, 325, -112.854
326, -2.75214, 326, -30.3297, 326, -333.045, 326, -72.8371, 326, -127.51, 326, -112.126
327, -3.18765, 327, -30.4376, 327, -331.669, 327, -72.2051, 327, -127.491, 327, -111.789
328, -2.95575, 328, -30.4468, 328, -329.516, 328, -72.6786, 328, -126.527, 328, -111.392
329, -4.11981, 329, -30.4468, 329, -328.414, 329, -73.7426, 329, -126.221, 329, -110.262
330, -5.04507, 330, -29.7681, 330, -328.038, 330, -73.246, 330, -126.256, 330, -108.931
331, -4.26431, 331, -28.8156, 331, -328.473, 331, -73.3734, 331, -125.788, 331, -108.37
332, -4.32187, 332, -28.5144, 332, -328.085, 332, -73.4659, 332, -125.929, 332, -107.087
333, -3.78949, 333, -27.6785, 333, -326.394, 333, -73.4849, 333, -126.42, 333, -106.08
334, -4.54993, 334, -27.6257, 334, -324.442, 334, -72.3916, 334, -126.335, 334, -105.92
335, -4.05182, 335, -27.2825, 335, -323.22, 335, -72.0212, 335, -126.531, 335, -105.45
336, -4.63437, 336, -26.9075, 336, -322.973, 336, -71.9094, 336, -126.153, 336, -105.088
337, -3.91095, 337, -26.7956, 337, -322.399, 337, -72.1482, 337, -125.66, 337, -105.081
338, -4.83502, 338, -27.2357, 338, -321.394, 338, -72.5082, 338, -124.482, 338, -104.952
339, -4.27621, 339, -28.0939, 339, -321.819, 339, -71.8454, 339, -123.246, 339, -104.961
340, -4.36444, 340, -29.0703, 340, -323.249, 340, -71.4892, 340, -122.261, 340, -105.731
341, -3.98886, 341, -28.9586, 341, -323.009, 341, -71.576, 341, -120.412, 341, -105.783
342, -4.60135, 342, -28.4388, 342, -321.628, 342, -72.3819, 342, -119.66, 342, -105.613
343, -4.10562, 343, -28.7632, 343, -320.804, 343, -71.8129, 343, -119.025, 343, -104.899
344, -4.70007, 344, -27.9598, 344, -320.14, 344, -71.4266, 344, -117.631, 344, -104.344
345, -4.66443, 345, -26.7147, 345, -319.641, 345, -71.5611, 345, -116.002, 345, -104.41
346, -4.56219, 346, -27.8256, 346, -319.231, 346, -71.6123, 346, -115.591, 346, -104.479
347, -5.04865, 347, -27.1121, 347, -318.895, 347, -71.4839, 347, -115.891, 347, -104.897
348, -3.85977, 348, -26.2565, 348, -318.308, 348, -72.1455, 348, -115.867, 348, -104.715
349, -4.31754, 349, -27.0544, 349, -317.84, 349, -73.2297, 349, -115.931, 349, -104.51
350, -4.55392, 350, -27.4794, 350, -317.848, 350, -73.4843, 350, -115.326, 350, -104.453
351, -6.02341, 351, -27.6809, 351, -318.019, 351, -72.8511, 351, -114.685, 351, -103.814
352, -6.24817, 352, -27.9183, 352, -318.452, 352, -72.67, 352, -114.001, 352, -103.207
353, -4.4834, 353, -27.8343, 353, -318.111, 353, -72.6699, 353, -113.421, 353, -102.167
354, -5.43039, 354, -27.4351, 354, -317.226, 354, -72.6068, 354, -113.076, 354, -101.009
355, -6.39755, 355, -28.4595, 355, -317.224, 355, -70.9881, 355, -112.232, 355, -100.104
356, -8.1622, 356, -27.6042, 356, -317.343, 356, -70.2647, 356, -111.315, 356, -99.177
357, -6.76395, 357, -27.2388, 357, -317.551, 357, -70.2072, 357, -111.38, 357, -98.3042
358, -5.6572, 358, -27.5949, 358, -317.657, 358, -70.1618, 358, -111.829, 358, -97.9412
359, -5.25446, 359, -26.2902, 359, -316.973, 359, -71.1315, 359, -112.202, 359, -98.3537
360, -5.53519, 360, -25.7907, 360, -315.899, 360, -71.0494, 360, -112.616, 360, -98.7647
361, -4.7515, 361, -25.6404, 361, -314.048, 361, -70.847, 361, -112.032, 361, -98.5418
362, -3.65704, 362, -26.2083, 362, -311.9, 362, -71.0099, 362, -111.916, 362, -98.0853
363, -4.67026, 363, -26.1896, 363, -310.171, 363, -70.388, 363, -111.899, 363, -98.0027
364, -5.23364, 364, -26.2279, 364, -308.718, 364, -69.968, 364, -111.18, 364, -97.4403
365, -5.21674, 365, -26.2883, 365, -307.314, 365, -69.4695, 365, -111.597, 365, -96.4363
366, -5.78726, 366, -26.7784, 366, -305.861, 366, -69.3555, 366, -112.779, 366, -96.0848
367, -5.25421, 367, -25.5483, 367, -304.061, 367, -68.3712, 367, -112.137, 367, -94.7318
368, -4.66342, 368, -25.0608, 368, -303.957, 368, -68.0882, 368, -111.386, 368, -93.2418
369, -4.26019, 369, -25.2346, 369, -304.433, 369, -68.0206, 369, -110.286, 369, -93.9588
370, -4.75192, 370, -25.3138, 370, -304.727, 370, -68.265, 370, -109.778, 370, -95.2188
371, -5.2424, 371, -24.1485, 371, -305.04, 371, -68.2636, 371, -109.02, 371, -95.3129
372, -5.36234, 372, -23.3161, 372, -304.45, 372, -69.9036, 372, -108.653, 372, -94.4716
373, -4.98914, 373, -24.782, 373, -303.075, 373, -69.5279, 373, -108.54, 373, -93.6125
374, -4.38107, 374, -24.366, 374, -301.356, 374, -69.6234, 374, -109.913, 374, -92.6234
375, -4.76529, 375, -24.2287, 375, -299.466, 375, -69.7099, 375, -110.321, 375, -92.8724
376, -4.86642, 376, -22.8722, 376, -297.87, 376, -69.3703, 376, -111.504, 376, -93.3608
377, -4.02118, 377, -21.8881, 377, -296.162, 377, -69.1938, 377, -112.26, 377, -93.1726
378, -3.77225, 378, -21.3486, 378, -294.987, 378, -69.026, 378, -112.458, 378, -93.214
379, -4.25189, 379, -21.9855, 379, -293.07, 379, -69.0823, 379, -113.234, 379, -92.3883
380, -4.62991, 380, -22.8244, 380, -291.607, 380, -69.2991, 380, -111.613, 380, -91.5613
381, -5.09836, 381, -23.714, 381, -291.376, 381, -69.5436, 381, -110.558, 381, -91.1889
382, -5.01901, 382, -23.6077, 382, -290.624, 382, -68.787, 382, -110.644, 382, -91.0685
383, -4.50491, 383, -23.25, 383, -289.294, 383, -68.7069, 383, -110.948, 383, -91.3363
384, -4.87305, 384, -22.834, 384, -287.286, 384, -69.0324, 384, -109.278, 384, -91.1899
385, -4.50027, 385, -21.9045, 385, -284.871, 385, -69.5942, 385, -109.346, 385, -90.4478
386, -4.27063, 386, -21.4687, 386, -282.638, 386, -70.4517, 386, -109.268, 386, -90.3277
387, -4.62991, 387, -22.0113, 387, -280.941, 387, -71.7214, 387, -109.907, 387, -90.3839
388, -4.50708, 388, -21.6018, 388, -280.143, 388, -71.5247, 388, -110.888, 388, -90.2327
389, -4.02124, 389, -23.0035, 389, -279.564, 389, -70.2785, 389, -110.274, 389, -90.0666
390, -3.29321, 390, -23.8095, 390, -279.563, 390, -70.4795, 390, -109.861, 390, -89.9645
391, -3.86667, 391, -23.718, 391, -279.238, 391, -69.3246, 391, -109.095, 391, -90.0406
392, -5.45334, 392, -24.9863, 392, -278.362, 392, -68.7014, 392, -109.313, 392, -89.7326
393, -5.41788, 393, -26.0244, 393, -276.681, 393, -69.1124, 393, -111.246, 393, -90.0306
394, -4.30161, 394, -25.9588, 394, -275.187, 394, -69.0871, 394, -113.742, 394, -90.1417
395, -3.89749, 395, -27.1204, 395, -274.989, 395, -69.5305, 395, -114.905, 395, -89.4704
396, -4.21191, 396, -27.7032, 396, -275.095, 396, -69.9965, 396, -115.034, 396, -88.4954
397, -4.52591, 397, -26.7565, 397, -274.584, 397, -69.6996, 397, -114.74, 397, -87.6459
398, -4.48901, 398, -27.1793, 398, -274.111, 398, -69.7442, 398, -113.183, 398, -86.9742
399, -4.62991, 399, -25.9471, 399, -273.85, 399, -70.1696, 399, -113.736, 399, -87.0083
400, -3.92001, 400, -26.2276, 400, -273.135, 400, -69.929, 400, -114.537, 400, -88.0166
401, -3.92801, 401, -26.7013, 401, -272.169, 401, -68.9695, 401, -115.375, 401, -88.616
402, -4.96381, 402, -26.0668, 402, -271.708, 402, -67.7731, 402, -115.154, 402, -88.4258
403, -4.58081, 403, -25.4594, 403, -271.563, 403, -67.8636, 403, -113.855, 403, -88.0673
404, -4.87405, 404, -26.0297, 404, -270.921, 404, -67.7056, 404, -112.904, 404, -87.2132
405, -5.14389, 405, -24.5275, 405, -269.769, 405, -67.9371, 405, -113.713, 405, -86.0676
406, -5.60648, 406, -25.1177, 406, -268.711, 406, -67.1414, 406, -115.183, 406, -85.7997
407, -5.14191, 407, -24.8358, 407, -267.356, 407, -67.2912, 407, -116.142, 407, -85.872
408, -4.42679, 408, -24.4172, 408, -265.536, 408, -67.0773, 408, -117.197, 408, -85.4363
409, -5.05154, 409, -23.436, 409, -263.705, 409, -66.9223, 409, -116.812, 409, -86.3624
410, -4.68225, 410, -23.3104, 410, -261.842, 410, -66.5606, 410, -116.434, 410, -87.5394
411, -4.51917, 411, -22.8144, 411, -260.003, 411, -65.901, 411, -116.067, 411, -87.3041
412, -5.60648, 412, -23.5469, 412, -258.632, 412, -66.0698, 412, -116.76, 412, -86.1624
413, -5.46909, 413, -24.0318, 413, -257.825, 413, -66.4141, 413, -116.345, 413, -84.9595
414, -4.74454, 414, -25.1698, 414, -257.361, 414, -66.2355, 414, -115.649, 414, -84.9111
415, -4.21954, 415, -23.9576, 415, -256.611, 415, -65.0373, 415, -115.842, 415, -85.6427
416, -4.95917, 416, -24.7956, 416, -255.516, 416, -64.8168, 416, -113.829, 416, -86.0869
417, -5.47333, 417, -25.1234, 417, -254.841, 417, -65.2974, 417, -114.031, 417, -85.7162
418, -5.36722, 418, -25.079, 418, -254.534, 418, -65.7418, 418, -114.515, 418, -84.9189
419, -4.05026, 419, -24.9032, 419, -254.713, 419, -65.9605, 419, -114.661, 419, -83.5965
420, -3.89749, 420, -25.3478, 420, -254.9, 420, -65.5019, 420, -113.526, 420, -83.0767
421, -4.26288, 421, -25.3806, 421, -254.416, 421, -65.5837, 421, -113.171, 421, -83.758
422, -4.78339, 422, -25.8382, 422, -253.553, 422, -66.1597, 422, -113.935, 422, -84.2793
423, -4.53986, 423, -25.5249, 423, -252.894, 423, -66.4455, 423, -114.27, 423, -84.3156
424, -3.83865, 424, -26.0166, 424, -251.672, 424, -66.4854, 424, -114.074, 424, -83.5171
425, -3.48932, 425, -26.9561, 425, -249.444, 425, -66.3719, 425, -113.012, 425, -81.7754
426, -4.18634, 426, -27.587, 426, -247.201, 426, -65.4916, 426, -112.395, 426, -81.3549
427, -4.3168, 427, -27.9145, 427, -245.724, 427, -64.6911, 427, -111.575, 427, -81.9234
428, -3.89291, 428, -27.3512, 428, -244.958, 428, -64.001, 428, -112.377, 428, -81.6496
429, -3.57706, 429, -27.2169, 429, -244.123, 429, -64.0654, 429, -111.766, 429, -80.9467
430, -4.74536, 430, -27.2647, 430, -243.079, 430, -64.6328, 430, -111.536, 430, -80.6891
431, -3.93784, 431, -27.1142, 431, -242.224, 431, -64.4547, 431, -110.369, 431, -80.4097
432, -3.50757, 432, -26.5537, 432, -241.066, 432, -64.7606, 432, -110.079, 432, -80.0757
433, -4.37445, 433, -26.644, 433, -240.412, 433, -65.4757, 433, -108.513, 433, -79.9313
434, -3.71451, 434, -27.5843, 434, -240.287, 434, -65.8356, 434, -108.544, 434, -80.0516
435, -3.57269, 435, -27.1612, 435, -239.366, 435, -65.4489, 435, -107.259, 435, -79.455
436, -4.41312, 436, -26.0169, 436, -238.456, 436, -64.6906, 436, -107.406, 436, -79.4827
437, -4.03781, 437, -25.9221, 437, -237.808, 437, -64.1336, 437, -107.396, 437, -79.8562
438, -3.59756, 438, -25.8763, 438, -237.051, 438, -64.2535, 438, -106.165, 438, -79.491
439, -3.35837, 439, -25.331, 439, -236.442, 439, -63.9717, 439, -105.039, 439, -79.6719
440, -3.46805, 440, -25.7495, 440, -236.056, 440, -63.3455, 440, -102.928, 440, -79.6674
441, -2.98752, 441, -24.7324, 441, -235.746, 441, -64.0749, 441, -102.384, 441, -79.3672
442, -3.10553, 442, -26.2206, 442, -234.9, 442, -64.4795, 442, -102.397, 442, -79.4295
443, -3.23355, 443, -25.7487, 443, -233.316, 443, -64.6124, 443, -103.252, 443, -78.8711
444, -2.18463, 444, -25.9407, 444, -231.587, 444, -64.7733, 444, -104.273, 444, -78.5303
445, -3.60577, 445, -25.9365, 445, -230.749, 445, -63.8602, 445, -102.945, 445, -78.558
446, -4.62073, 446, -25.8254, 446, -230.47, 446, -63.8768, 446, -103.824, 446, -78.7033
447, -2.65903, 447, -25.3305, 447, -229.779, 447, -64.8717, 447, -103.791, 447, -79.8766
448, -3.16507, 448, -24.6167, 448, -229.427, 448, -65.0634, 448, -106.509, 448, -80.4408
449, -3.39813, 449, -24.0427, 449, -229.594, 449, -64.9215, 449, -107.375, 449, -80.1378
450, -4.05695, 450, -24.1893, 450, -229.499, 450, -64.7323, 450, -106.42, 450, -79.7421
451, -3.81149, 451, -24.4842, 451, -229.259, 451, -63.418, 451, -105.884, 451, -79.3913
452, -2.42657, 452, -24.4235, 452, -228.716, 452, -62.1025, 452, -106.63, 452, -78.8981
453, -2.77609, 453, -25.1275, 453, -227.313, 453, -61.7585, 453, -107.162, 453, -78.6433
454, -4.22079, 454, -24.2746, 454, -225.402, 454, -61.5352, 454, -107.209, 454, -78.7855
455, -3.97916, 455, -24.3073, 455, -223.875, 455, -61.018, 455, -107.049, 455, -78.5127
456, -4.06033, 456, -23.3137, 456, -223.155, 456, -60.0272, 456, -107.167, 456, -78.4776
457, -3.4939, 457, -23.6285, 457, -222.573, 457, -59.7617, 457, -107.055, 457, -78.3443
458, -2.83511, 458, -24.3378, 458, -221.508, 458, -59.4263, 458, -107.001, 458, -77.7371
459, -3.39633, 459, -24.4179, 459, -221.485, 459, -58.8034, 459, -106.027, 459, -77.3054
460, -3.82309, 460, -24.7981, 460, -222.219, 460, -58.9439, 460, -105.218, 460, -78.7347
461, -3.29364, 461, -24.7393, 461, -222.107, 461, -59.2987, 461, -104.631, 461, -80.2482
462, -2.64413, 462, -24.4567, 462, -222.094, 462, -59.6717, 462, -104.489, 462, -81.1651
463, -3.37433, 463, -24.199, 463, -222.263, 463, -59.9457, 463, -104.506, 463, -80.9301
464, -3.62265, 464, -24.1088, 464, -221.86, 464, -60.2767, 464, -104.895, 464, -79.9376
465, -3.12042, 465, -24.0992, 465, -220.1, 465, -60.3891, 465, -104.279, 465, -79.1651
466, -3.33636, 466, -24.2554, 466, -217.389, 466, -59.8274, 466, -102.831, 466, -78.3856
467, -2.5524, 467, -23.7082, 467, -215.826, 467, -59.2726, 467, -102.893, 467, -77.8105
468, -2.80585, 468, -24.8165, 468, -216.505, 468, -59.2556, 468, -103.325, 468, -77.5406
469, -2.82144, 469, -23.7367, 469, -218.1, 469, -59.472, 469, -102.277, 469, -77.7964
470, -4.08841, 470, -22.3278, 470, -219.397, 470, -59.6221, 470, -101.259, 470, -77.8439
471, -3.79449, 471, -23.5498, 471, -219.314, 471, -59.472, 471, -100.505, 471, -77.6551
472, -3.20358, 472, -23.4678, 472, -217.882, 472, -59.8881, 472, -100.125, 472, -77.7092
473, -2.37949, 473, -22.5328, 473, -216.858, 473, -60.0046, 473, -99.5265, 473, -78.0274
474, -2.41412, 474, -21.8721, 474, -216.462, 474, -58.8512, 474, -99.7201, 474, -77.3816
475, -3.16507, 475, -22.4476, 475, -216.13, 475, -58.5676, 475, -98.7429, 475, -76.8833
476, -3.23187, 476, -22.5203, 476, -216.887, 476, -58.462, 476, -98.4235, 476, -76.6315
477, -3.04376, 477, -22.7208, 477, -218.819, 477, -58.0911, 477, -98.85, 477, -76.4556
478, -2.5863, 478, -24.112, 478, -220.354, 478, -57.2505, 478, -98.931, 478, -76.4738
479, -3.67303, 479, -23.3527, 479, -220.807, 479, -56.7247, 479, -98.8122, 479, -76.4218
480, -3.36826, 480, -24.1108, 480, -220.333, 480, -56.5774, 480, -98.2032, 480, -76.4748
481, -2.80899, 481, -24.5923, 481, -220.215, 481, -56.2784, 481, -97.298, 481, -76.5158
482, -3.11322, 482, -24.4448, 482, -220.344, 482, -55.6017, 482, -96.7798, 482, -76.1078
483, -2.54434, 483, -22.9794, 483, -219.692, 483, -55.9553, 483, -96.2739, 483, -75.55
484, -3.13974, 484, -22.851, 484, -218.236, 484, -56.6525, 484, -97.3393, 484, -75.7126
485, -2.93063, 485, -22.6234, 485, -216.853, 485, -56.4702, 485, -98.9931, 485, -75.4599
486, -2.43802, 486, -22.5727, 486, -216.204, 486, -55.6273, 486, -97.6743, 486, -74.329
487, -2.67679, 487, -22.3236, 487, -215.571, 487, -55.0032, 487, -97.7788, 487, -73.0779
488, -2.93356, 488, -22.0214, 488, -214.852, 488, -53.6993, 488, -97.7404, 488, -73.1807
489, -3.16507, 489, -21.9141, 489, -213.777, 489, -53.3629, 489, -98.4548, 489, -73.2669
490, -2.90506, 490, -21.0386, 490, -212.149, 490, -52.5786, 490, -98.174, 490, -71.9194
491, -2.93988, 491, -21.09, 491, -210.882, 491, -52.9812, 491, -97.8515, 491, -71.3552
492, -2.23297, 492, -20.6402, 492, -210.544, 492, -52.7684, 492, -97.7361, 492, -71.1374
493, -2.12985, 493, -21.5671, 493, -210.647, 493, -52.539, 493, -96.0568, 493, -70.0293
494, -2.2688, 494, -22.1305, 494, -210.712, 494, -51.5581, 494, -95.6404, 494, -68.7105
495, -2.21753, 495, -21.7202, 495, -209.783, 495, -51.0081, 495, -95.0407, 495, -68.7749
496, -2.56973, 496, -21.3046, 496, -207.604, 496, -50.2641, 496, -94.6324, 496, -68.9795
497, -2.39938, 497, -21.9142, 497, -205.15, 497, -50.3066, 497, -94.7182, 497, -68.3902
498, -2.18851, 498, -21.889, 498, -203.914, 498, -50.2973, 498, -94.3832, 498, -68.8244
499, -2.74884, 499, -21.5482, 499, -203.56, 499, -50.601, 499, -92.8865, 499, -68.501
500, -3.02463, 500, -22.0077, 500, -202.377, 500, -51.4659, 500, -91.1417, 500, -68.297
501, -3.63416, 501, -21.6221, 501, -201.299, 501, -51.6612, 501, -90.8181, 501, -68.9713
502, -2.9747, 502, -21.0944, 502, -200.481, 502, -51.4859, 502, -89.8209, 502, -68.2988
503, -2.48642, 503, -20.9393, 503, -199.452, 503, -51.3537, 503, -89.4971, 503, -66.6396
504, -2.06894, 504, -21.8716, 504, -198.423, 504, -50.8965, 504, -90.8279, 504, -65.695
505, -2.47522, 505, -21.7288, 505, -197.955, 505, -50.3832, 505, -90.0428, 505, -65.519
506, -2.13098, 506, -21.401, 506, -198.174, 506, -49.7133, 506, -89.1401, 506, -65.2323
507, -2.82831, 507, -20.3595, 507, -197.392, 507, -49.4967, 507, -87.4434, 507, -64.9696
508, -2.91718, 508, -20.2463, 508, -196.655, 508, -49.7391, 508, -86.8162, 508, -65.0082
509, -2.84277, 509, -19.8338, 509, -197.774, 509, -50.0582, 509, -86.9932, 509, -65.1262
510, -2.42038, 510, -20.0704, 510, -199.561, 510, -50.3382, 510, -87.2058, 510, -65.25
511, -1.85675, 511, -20.319, 511, -199.86, 511, -50.1435, 511, -86.1812, 511, -65.6456
512, -1.86337, 512, -20.1132, 512, -199.582, 512, -49.4941, 512, -85.8338, 512, -66.1265
513, -2.42264, 513, -19.4969, 513, -199.952, 513, -50.2702, 513, -84.8968, 513, -67.0945
514, -2.36618, 514, -19.1742, 514, -199.754, 514, -50.2869, 514, -84.2777, 514, -68.638
515, -1.58267, 515, -18.9666, 515, -198.821, 515, -49.3405, 515, -82.5224, 515, -69.7933
516, -1.21194, 516, -18.9965, 516, -198.372, 516, -48.1867, 516, -81.6303, 516, -70.4093
517, -1.79391, 517, -18.841, 517, -198.969, 517, -48.6913, 517, -81.5078, 517, -71.6541
518, -1.89954, 518, -18.0155, 518, -199.556, 518, -48.9729, 518, -83.0501, 518, -72.6143
519, -1.41031, 519, -18.25, 519, -199.288, 519, -48.9809, 519, -82.3129, 519, -72.4816
520, -1.93848, 520, -18.2629, 520, -198.554, 520, -48.7327, 520, -81.0585, 520, -71.7998
521, -2.43265, 521, -17.8964, 521, -198.139, 521, -48.3195, 521, -79.5141, 521, -70.8998
522, -1.70599, 522, -18.1616, 522, -197.686, 522, -47.8926, 522, -79.8448, 522, -70.2021
523, -1.64658, 523, -17.57, 523, -196.763, 523, -47.9962, 523, -80.7249, 523, -69.51
524, -2.65915, 524, -16.6201, 524, -195.788, 524, -48.1726, 524, -81.2936, 524, -69.1386
525, -2.60651, 525, -16.5298, 525, -194.201, 525, -49.2876, 525, -82.2782, 525, -69.4001
526, -1.64401, 526, -16.6165, 526, -191.918, 526, -49.8993, 526, -81.3125, 526, -69.6326
527, -1.61154, 527, -16.7756, 527, -190.426, 527, -49.9361, 527, -80.5873, 527, -69.0981
528, -1.28973, 528, -17.3081, 528, -189.845, 528, -50.0206, 528, -80.7142, 528, -68.9122
529, -0.983887, 529, -17.5659, 529, -189.015, 529, -50.0978, 529, -80.5199, 529, -69.098
530, -1.60599, 530, -17.293, 530, -188.119, 530, -49.6318, 530, -80.5294, 530, -69.1077
531, -1.81036, 531, -16.821, 531, -187.314, 531, -49.5296, 531, -79.4032, 531, -69.4468
532, -1.1521, 532, -17.4256, 532, -186.748, 532, -49.5063, 532, -79.0679, 532, -69.5215
533, -0.863922, 533, -16.8774, 533, -186.624, 533, -49.5281, 533, -77.4831, 533, -68.6847
534, -0.967804, 534, -16.4895, 534, -185.974, 534, -49.0264, 534, -77.4487, 534, -67.6963
535, -1.56158, 535, -15.2176, 535, -184.899, 535, -48.0924, 535, -78.9088, 535, -67.2831
536, -1.4946, 536, -14.331, 536, -184.461, 536, -48.1773, 536, -77.663, 536, -67.0225
537, -1.80267, 537, -15.1589, 537, -184.128, 537, -49.064, 537, -77.085, 537, -66.6599
538, -2.04623, 538, -15.9045, 538, -183.834, 538, -48.6022, 538, -77.3669, 538, -66.1627
539, -2.35022, 539, -15.5504, 539, -184.273, 539, -47.7398, 539, -75.2574, 539, -65.9567
540, -1.91058, 540, -15.392, 540, -184.547, 540, -47.3063, 540, -75.7933, 540, -65.7426
541, -1.45163, 541, -16.1348, 541, -184.503, 541, -46.9179, 541, -75.6929, 541, -65.1897
542, -2.37579, 542, -16.6772, 542, -184.286, 542, -46.9261, 542, -75.0022, 542, -64.9795
543, -2.41495, 543, -16.6488, 543, -184.052, 543, -46.1894, 543, -75.6984, 543, -64.9021
544, -2.07568, 544, -16.0455, 544, -184.577, 544, -45.6964, 544, -74.8266, 544, -64.993
545, -2.71936, 545, -15.7553, 545, -185.192, 545, -45.7989, 545, -74.1135, 545, -65.4957
546, -2.63309, 546, -16.2784, 546, -184.892, 546, -46.2473, 546, -75.5242, 546, -65.9022
547, -3.22284, 547, -16.3263, 547, -184.287, 547, -46.623, 547, -76.0663, 547, -65.9438
548, -4.0542, 548, -15.733, 548, -182.966, 548, -46.0331, 548, -75.312, 548, -65.9598
549, -3.55804, 549, -15.4928, 549, -180.445, 549, -46.0612, 549, -74.6161, 549, -66.1536
550, -2.41052, 550, -14.9181, 550, -178.083, 550, -46.078, 550, -74.5601, 550, -66.1786
551, -3.16507, 551, -14.4326, 551, -176.596, 551, -45.9235, 551, -74.9786, 551, -66.1393
552, -3.07935, 552, -15.2073, 552, -176.041, 552, -46.457, 552, -75.3376, 552, -66.4368
553, -2.51038, 553, -15.4057, 553, -175.8, 553, -46.9842, 553, -74.3037, 553, -65.8468
554, -2.16055, 554, -15.018, 554, -175.537, 554, -46.8583, 554, -72.3994, 554, -64.9584
555, -3.23599, 555, -14.8413, 555, -175.7, 555, -45.7913, 555, -72.3118, 555, -64.5004
556, -3.27313, 556, -14.5813, 556, -175.759, 556, -45.244, 556, -72.6235, 556, -63.8159
557, -2.99036, 557, -15.6709, 557, -175.256, 557, -45.2034, 557, -70.9359, 557, -63.4483
558, -2.87253, 558, -15.867, 558, -174.187, 558, -44.8307, 558, -70.811, 558, -63.8373
559, -2.34152, 559, -15.2474, 559, -172.936, 559, -44.3416, 559, -70.6517, 559, -64.5948
560, -2.5195, 560, -15.38, 560, -171.534, 560, -44.6093, 560, -70.8186, 560, -64.6754
561, -2.66766, 561, -15.5239, 561, -170.151, 561, -44.4882, 561, -70.8668, 561, -64.3226
562, -2.92975, 562, -15.6442, 562, -169.545, 562, -44.0286, 562, -72.303, 562, -64.0167
563, -1.70071, 563, -15.3341, 563, -170.725, 563, -44.0006, 563, -71.7439, 563, -63.8669
564, -2.18851, 564, -15.1477, 564, -172.709, 564, -43.596, 564, -71.5887, 564, -64.0486
565, -2.60382, 565, -15.5706, 565, -173.904, 565, -43.3599, 565, -71.7929, 565, -64.1012
566, -3.0842, 566, -15.6492, 566, -173.17, 566, -43.2687, 566, -71.8323, 566, -64.3766
567, -2.3541, 567, -15.7855, 567, -171.16, 567, -43.3179, 567, -72.0677, 567, -64.8547
568, -2.49792, 568, -15.7728, 568, -169.354, 568, -43.2622, 568, -73.3224, 568, -64.6476
569, -3.0101, 569, -16.1143, 569, -168.527, 569, -42.8548, 569, -73.4803, 569, -63.8101
570, -2.52127, 570, -16.7322, 570, -168.981, 570, -42.7222, 570, -72.8427, 570, -62.9105
571, -2.81186, 571, -16.8275, 571, -169.349, 571, -42.6581, 571, -73.9838, 571, -62.3651
572, -3.90738, 572, -15.6678, 572, -168.635, 572, -41.5278, 572, -73.9185, 572, -62.1486
573, -3.32916, 573, -15.3814, 573, -167.217, 573, -41.6952, 573, -74.6601, 573, -62.1079
574, -2.48837, 574, -16.1308, 574, -166.21, 574, -40.8088, 574, -76.4948, 574, -62.4987
575, -1.12189, 575, -16.0602, 575, -165.601, 575, -40.5911, 575, -76.2651, 575, -63.024
576, -1.53049, 576, -16.1358, 576, -166.005, 576, -40.5016, 576, -75.9076, 576, -62.7483
577, -2.33771, 577, -16.991, 577, -166.254, 577, -41.299, 577, -75.3279, 577, -62.3958
578, -2.76108, 578, -17.1717, 578, -165.103, 578, -41.4525, 578, -74.4484, 578, -62.1399
579, -2.97623, 579, -16.1847, 579, -164.002, 579, -41.9894, 579, -73.8642, 579, -61.2778
580, -1.94437, 580, -15.8269, 580, -163.836, 580, -42.7587, 580, -73.7845, 580, -60.4959
581, -1.94437, 581, -15.5535, 581, -162.938, 581, -42.0479, 581, -73.7845, 581, -59.9012
582, -1.64294, 582, -15.4685, 582, -162.212, 582, -42.286, 582, -73.7845, 582, -59.4662
583, -2.22147, 583, -14.7882, 583, -161.635, 583, -41.7084, 583, -73.9806, 583, -58.952
584, -2.948, 584, -14.4668, 584, -160.877, 584, -40.885, 584, -74.1069, 584, -57.6084
585, -2.1481, 585, -14.6503, 585, -160.567, 585, -40.138, 585, -73.4223, 585, -56.5341
586, -1.81015, 586, -14.689, 586, -160.913, 586, -40.8953, 586, -73.1577, 586, -56.092
587, -1.28442, 587, -15.0982, 587, -161.375, 587, -39.252, 587, -72.3683, 587, -55.7424
588, -1.16385, 588, -14.7807, 588, -161.282, 588, -38.3018, 588, -71.1309, 588, -55.6302
589, -0.260712, 589, -15.1726, 589, -160.627, 589, -38.7015, 589, -70.7311, 589, -56.2429
590, 0.00875854, 590, -14.1942, 590, -159.968, 590, -38.5277, 590, -71.1945, 590, -57.1422
591, -1.12076, 591, -13.3595, 591, -159.472, 591, -38.9569, 591, -71.955, 591, -57.6627
592, -2.09003, 592, -13.9045, 592, -159.018, 592, -39.1334, 592, -72.0025, 592, -57.1045
593, -2.04169, 593, -13.6539, 593, -159.119, 593, -38.5966, 593, -71.8555, 593, -56.3939
594, -2.09665, 594, -14.0065, 594, -160.071, 594, -40.2578, 594, -71.5228, 594, -56.6089
595, -1.80917, 595, -14.1193, 595, -160.739, 595, -40.648, 595, -71.5873, 595, -56.8565
596, -2.26028, 596, -13.9869, 596, -160.905, 596, -40.0545, 596, -72.4604, 596, -56.9547
597, -2.57455, 597, -13.3469, 597, -160.351, 597, -40.4345, 597, -72.4494, 597, -57.303
598, -2.13422, 598, -13.416, 598, -159.722, 598, -40.2302, 598, -72.0168, 598, -57.2133
599, -1.70023, 599, -13.3146, 599, -159.987, 599, -39.1916, 599, -71.7687, 599, -56.1171
600, -1.70023, 600, -13.6157, 600, -159.494, 600, -38.9037, 600, -72.2525, 600, -54.8797
601, -1.00916, 601, -13.5169, 601, -157.565, 601, -39.0831, 601, -72.1166, 601, -53.827
602, -0.190979, 602, -12.5034, 602, -155.447, 602, -38.392, 602, -72.0755, 602, -52.5858
603, -0.479523, 603, -12.2154, 603, -153.676, 603, -37.7885, 603, -71.8854, 603, -51.3953
604, -0.886688, 604, -11.8642, 604, -152.675, 604, -37.103, 604, -71.3483, 604, -50.6145
605, -1.45609, 605, -11.7011, 605, -152.053, 605, -36.7653, 605, -70.6462, 605, -50.7972
606, -1.77139, 606, -11.7999, 606, -151.672, 606, -37.045, 606, -70.2721, 606, -51.4714
607, -1.97418, 607, -11.6545, 607, -150.806, 607, -36.0418, 607, -70.3033, 607, -52.6436
608, -1.26715, 608, -11.0673, 608, -149.509, 608, -35.9306, 608, -70.2556, 608, -53.1383
609, -1.48416, 609, -11.4284, 609, -148.864, 609, -36.5317, 609, -70.2055, 609, -52.936
610, -1.35114, 610, -11.6057, 610, -148.339, 610, -36.323, 610, -70.134, 610, -52.1467
611, -0.098053, 611, -11.4584, 611, -147.923, 611, -36.3965, 611, -69.5842, 611, -51.4175
612, -0.655304, 612, -11.7501, 612, -147.842, 612, -36.2366, 612, -68.9637, 612, -51.5593
613, -1.418, 613, -11.5803, 613, -147.523, 613, -35.6847, 613, -69.2858, 613, -51.4093
614, -2.51144, 614, -11.368, 614, -146.727, 614, -36.4154, 614, -68.7397, 614, -51.761
615, -3.04694, 615, -11.0612, 615, -145.276, 615, -36.2046, 615, -68.4706, 615, -51.9443
616, -2.18851, 616, -11.4833, 616, -144.591, 616, -37.6947, 616, -69.2867, 616, -51.4135
617, -2.18851, 617, -11.438, 617, -145.549, 617, -37.9296, 617, -69.6392, 617, -50.8692
618, -2.39325, 618, -11.0461, 618, -145.898, 618, -36.7478, 618, -68.4654, 618, -50.5006
619, -2.98477, 619, -11.2192, 619, -145.034, 619, -35.911, 619, -68.3797, 619, -49.9412
620, -3.10236, 620, -10.853, 620, -143.891, 620, -36.5574, 620, -68.6501, 620, -49.5403
621, -2.26779, 621, -10.965, 621, -142.944, 621, -38.0387, 621, -67.2928, 621, -49.5665
622, -1.70023, 622, -10.6691, 622, -142.581, 622, -38.1865, 622, -66.5604, 622, -48.6791
623, -1.49493, 623, -10.8528, 623, -142.064, 623, -37.5724, 623, -66.1157, 623, -47.8597
624, -1.52039, 624, -10.4806, 624, -140.951, 624, -37.0394, 624, -65.9818, 624, -47.7363
625, -1.12857, 625, -10.6663, 625, -139.174, 625, -36.5491, 625, -65.7026, 625, -47.5566
626, -0.692322, 626, -10.3653, 626, -137.524, 626, -35.6898, 626, -66.075, 626, -46.8484
627, -1.11783, 627, -10.3652, 627, -136.178, 627, -35.289, 627, -66.5717, 627, -46.3804
628, -0.883392, 628, -9.99833, 628, -135.119, 628, -36.3617, 628, -66.4966, 628, -45.7666
629, -1.59531, 629, -10.6348, 629, -134.242, 629, -36.328, 629, -65.5207, 629, -45.3301
630, -0.967804, 630, -10.1568, 630, -133.356, 630, -35.3242, 630, -65.0706, 630, -45.6053
631, -1.12766, 631, -10.1884, 631, -132.881, 631, -35.352, 631, -65.8344, 631, -45.2856
632, -1.6879, 632, -9.90633, 632, -132.448, 632, -35.4691, 632, -66.4818, 632, -45.1161
633, -2.1127, 633, -9.93596, 633, -131.341, 633, -34.4949, 633, -65.6275, 633, -45.1428
634, -1.34064, 634, -10.2996, 634, -130.484, 634, -35.1937, 634, -65.113, 634, -44.8122
635, -0.669556, 635, -9.35625, 635, -130.428, 635, -35.5069, 635, -65.5111, 635, -44.556
636, -2.1124, 636, -9.41695, 636, -129.635, 636, -35.326, 636, -64.7198, 636, -44.1459
637, -1.71399, 637, -9.68548, 637, -128.581, 637, -35.4056, 637, -65.3115, 637, -43.6215
638, -1.2883, 638, -10.7971, 638, -128.069, 638, -35.6317, 638, -64.4824, 638, -42.8973
639, -1.45609, 639, -10.7908, 639, -127.114, 639, -36.1876, 639, -64.5163, 639, -42.3722
640, -1.23758, 640, -9.40662, 640, -125.251, 640, -35.8062, 640, -64.9581, 640, -41.9621
641, -1.00476, 641, -10.1167, 641, -124.063, 641, -35.5188, 641, -65.6981, 641, -41.4227
642, -1.49698, 642, -11.6455, 642, -123.594, 642, -35.1642, 642, -64.3953, 642, -40.8435
643, -1.35876, 643, -12.9641, 643, -123.742, 643, -35.4869, 643, -64.5069, 643, -40.8528
644, -2.30856, 644, -11.5732, 644, -123.778, 644, -35.3777, 644, -63.6348, 644, -40.7549
645, -1.59366, 645, -10.5976, 645, -123.034, 645, -34.7726, 645, -62.9095, 645, -40.9956
646, -0.533752, 646, -10.5153, 646, -121.561, 646, -34.5286, 646, -61.4738, 646, -41.1154
647, -0.671631, 647, -11.2085, 647, -119.565, 647, -34.6621, 647, -62.3378, 647, -40.7246
648, -0.787323, 648, -10.4845, 648, -118.274, 648, -35.2197, 648, -62.4383, 648, -40.1973
649, -2.09845, 649, -9.67909, 649, -117.343, 649, -34.9603, 649, -64.0684, 649, -40.0343
650, -2.09708, 650, -9.35383, 650, -116.992, 650, -34.9389, 650, -65.6807, 650, -39.5136
651, -0.258575, 651, -9.48923, 651, -117.166, 651, -34.8111, 651, -65.3243, 651, -39.4612
652, -1.15848, 652, -9.81669, 652, -116.653, 652, -34.2206, 652, -65.091, 652, -39.728
653, -1.2291, 653, -9.86816, 653, -115.389, 653, -33.8464, 653, -65.6273, 653, -39.1346
654, -1.88522, 654, -9.63647, 654, -114.114, 654, -33.7735, 654, -65.5283, 654, -38.5724
655, -0.674835, 655, -9.11947, 655, -113.279, 655, -33.0361, 655, -63.7838, 655, -37.7455
656, -0.57309, 656, -8.6008, 656, -113.328, 656, -33.5407, 656, -63.0841, 656, -37.3962
657, -1.32889, 657, -9.04749, 657, -113.653, 657, -33.9539, 657, -62.8558, 657, -37.7524
658, -2.52075, 658, -9.877, 658, -113.401, 658, -32.7057, 658, -62.8915, 658, -38.576
659, -0.723663, 659, -10.4429, 659, -112.024, 659, -33.0501, 659, -61.9653, 659, -38.8928
660, -1.02396, 660, -10.348, 660, -110.208, 660, -32.8438, 660, -61.6109, 660, -37.2824
661, -2.07205, 661, -9.92373, 661, -109.515, 661, -32.2302, 661, -61.5379, 661, -36.5501
662, -0.673767, 662, -10.2169, 662, -109.646, 662, -32.3309, 662, -61.1165, 662, -37.5011
663, -2.93756, 663, -10.4823, 663, -109.615, 663, -32.8158, 663, -60.7289, 663, -38.9834
664, -1.39661, 664, -9.78503, 664, -108.866, 664, -32.2901, 664, -61.1722, 664, -38.8058
665, -1.21219, 665, -9.19949, 665, -108.394, 665, -31.5522, 665, -60.6378, 665, -36.9566
666, -3.11322, 666, -9.55299, 666, -108.654, 666, -32.1038, 666, -59.721, 666, -35.8476
667, -2.52371, 667, -9.97238, 667, -109.289, 667, -30.9486, 667, -57.7842, 667, -35.7463
668, -1.2377, 668, -10.3408, 668, -109.844, 668, -31.2022, 668, -57.6061, 668, -34.8387
669, -1.50781, 669, -10.4237, 669, -109.886, 669, -31.113, 669, -57.3545, 669, -33.2695
670, -1.81186, 670, -9.86754, 670, -110.918, 670, -29.8449, 670, -56.927, 670, -32.6458
671, -0.75238, 671, -9.7984, 671, -112.051, 671, -30.5461, 671, -57.3682, 671, -32.6074
672, -0.967804, 672, -9.70571, 672, -110.904, 672, -30.5193, 672, -56.6785, 672, -33.1023
673, -1.1756, 673, -9.21993, 673, -108.926, 673, -29.7076, 673, -56.7641, 673, -33.8353
674, -2.155, 674, -9.18676, 674, -107.955, 674, -29.9496, 674, -56.1412, 674, -33.6017
675, -0.479523, 675, -9.58974, 675, -107.631, 675, -28.9601, 675, -55.51, 675, -32.7928
676, -0.642426, 676, -9.40064, 676, -106.564, 676, -28.7583, 676, -55.81, 676, -32.042
677, -1.54431, 677, -8.67022, 677, -105.771, 677, -28.8797, 677, -54.7483, 677, -31.9451
678, -0.508179, 678, -8.56947, 678, -105.992, 678, -28.4506, 678, -54.503, 678, -32.3787
679, -0.774933, 679, -9.24295, 679, -106.238, 679, -28.3775, 679, -53.6694, 679, -32.8078
680, -1.2352, 680, -9.01136, 680, -105.478, 680, -28.6543, 680, -53.3421, 680, -32.6927
681, -1.4122, 681, -8.1047, 681, -104.722, 681, -28.2885, 681, -52.5214, 681, -31.7696
682, -0.967804, 682, -7.86938, 682, -104.343, 682, -27.9566, 682, -51.9465, 682, -31.5856
683, -0.945282, 683, -7.77393, 683, -104.072, 683, -28.0515, 683, -52.4238, 683, -32.5633
684, -0.750916, 684, -8.15775, 684, -103.869, 684, -27.5714, 684, -53.4776, 684, -33.2419
685, -0.871429, 685, -8.96378, 685, -102.973, 685, -27.4229, 685, -52.8145, 685, -33.2898
686, -0.30661, 686, -9.46663, 686, -102.815, 686, -27.0883, 686, -52.8774, 686, -33.473
687, -0.686768, 687, -9.1743, 687, -104.009, 687, -26.2309, 687, -52.6481, 687, -33.6063
688, -0.407288, 688, -9.64098, 688, -104.578, 688, -25.86, 688, -52.8478, 688, -33.9355
689, -0.0614014, 689, -10.5101, 689, -104.432, 689, -26.1846, 689, -53.1355, 689, -34.9149
690, -0.416748, 690, -9.65724, 690, -104.56, 690, -25.9632, 690, -52.809, 690, -35.8401
691, -0.166962, 691, -9.64428, 691, -103.466, 691, -25.939, 691, -52.5745, 691, -36.7556
692, -1.55222, 692, -10.3677, 692, -101.698, 692, -25.9331, 692, -52.6176, 692, -37.5045
693, 0.186432, 693, -10.8113, 693, -100.451, 693, -25.4918, 693, -52.5194, 693, -37.5702
694, -0.948303, 694, -10.4145, 694, -98.8825, 694, -24.8226, 694, -50.5452, 694, -37.4464
695, -0.499298, 695, -10.368, 695, -97.3515, 695, -23.9611, 695, -50.6893, 695, -37.4486
696, -1.20575, 696, -11.1041, 696, -96.2546, 696, -23.4508, 696, -51.4474, 696, -37.092
697, -0.723785, 697, -10.99, 697, -94.9262, 697, -23.6219, 697, -51.4445, 697, -36.5318
698, -1.21057, 698, -10.6143, 698, -93.3362, 698, -24.0222, 698, -51.0103, 698, -36.6387
699, -1.45596, 699, -11.1365, 699, -93.3299, 699, -24.1359, 699, -51.0857, 699, -37.4139
700, -1.20193, 700, -11.4288, 700, -93.58, 700, -23.3395, 700, -50.143, 700, -37.9505
701, 0.249512, 701, -11.4812, 701, -93.48, 701, -22.2436, 701, -48.9796, 701, -37.7612
702, -0.00238037, 702, -10.5679, 702, -92.3261, 702, -22.5782, 702, -49.0536, 702, -37.8308
703, -0.521118, 703, -10.2508, 703, -91.7745, 703, -22.7816, 703, -48.2044, 703, -38.3886
704, -2.42096, 704, -10.4443, 704, -91.7721, 704, -21.7139, 704, -47.8502, 704, -38.8687
705, -0.0253296, 705, -10.4515, 705, -92.1559, 705, -21.8395, 705, -48.3895, 705, -39.1643
706, -1.6572, 706, -9.69035, 706, -91.3806, 706, -21.9162, 706, -49.226, 706, -38.9535
707, 0.426941, 707, -9.78292, 707, -90.6995, 707, -22.4867, 707, -50.9447, 707, -38.2801
708, -1.14554, 708, -9.77919, 708, -89.9521, 708, -23.4893, 708, -50.8552, 708, -37.8628
709, 0.419434, 709, -10.0756, 709, -90.119, 709, -23.7157, 709, -50.299, 709, -38.4491
710, -1.61969, 710, -9.74719, 710, -90.6043, 710, -23.8891, 710, -48.9185, 710, -38.6298
711, -1.21909, 711, -8.49398, 711, -89.5681, 711, -24.4984, 711, -48.9348, 711, -38.6148
712, -2.65808, 712, -8.38421, 712, -88.593, 712, -24.6028, 712, -48.9833, 712, -39.3386
713, -0.737061, 713, -9.44277, 713, -87.1425, 713, -24.7198, 713, -47.4525, 713, -40.3859
714, -1.13232, 714, -9.67734, 714, -86.0136, 714, -24.6442, 714, -46.346, 714, -40.4314
715, 0.708282, 715, -9.00832, 715, -86.5843, 715, -24.6847, 715, -46.1556, 715, -39.6403
716, -0.0512695, 716, -8.25966, 716, -88.1008, 716, -25.1296, 716, -46.1066, 716, -39.5257
717, -1.16498, 717, -8.93159, 717, -89.2866, 717, -25.1215, 717, -46.4323, 717, -39.8243
718, -0.287231, 718, -8.73947, 718, -89.6055, 718, -24.2191, 718, -46.0255, 718, -39.4602
719, -1.40738, 719, -8.78817, 719, -88.4908, 719, -22.8813, 719, -46.5557, 719, -39.5641
720, -0.0055542, 720, -9.39585, 720, -87.168, 720, -23.0694, 720, -45.8832, 720, -39.95
721, -0.501984, 721, -8.56759, 721, -85.7246, 721, -22.5828, 721, -46.8971, 721, -39.4272
722, -1.44589, 722, -8.03039, 722, -85.4059, 722, -22.0818, 722, -46.774, 722, -38.2414
723, -0.725983, 723, -8.4469, 723, -84.9891, 723, -21.8034, 723, -46.9413, 723, -37.6479
724, -0.961121, 724, -8.83786, 724, -83.9412, 724, -21.9413, 724, -47.3911, 724, -37.9407
725, 0.00939941, 725, -9.07911, 725, -82.6282, 725, -23.0609, 725, -47.709, 725, -37.9271
726, 0.252777, 726, -8.81965, 726, -80.5518, 726, -22.8367, 726, -46.3609, 726, -36.9566
727, 0.250092, 727, -8.56922, 727, -80.1913, 727, -22.4541, 727, -45.4992, 727, -36.049
728, -0.708038, 728, -8.30118, 728, -80.2905, 728, -22.6269, 728, -46.8829, 728, -36.2483
729, 0.212128, 729, -8.71556, 729, -80.3802, 729, -22.384, 729, -46.8086, 729, -36.8526
730, -1.41168, 730, -9.27463, 730, -80.3302, 730, -22.4305, 730, -45.2077, 730, -36.9131
731, 0.981384, 731, -8.70172, 731, -80.8146, 731, -23.0949, 731, -44.519, 731, -36.1564
732, -1.41351, 732, -9.04187, 732, -81.447, 732, -22.9163, 732, -44.0345, 732, -35.6305
733, -0.269287, 733, -9.51328, 733, -80.6303, 733, -21.2071, 733, -43.5938, 733, -36.3433
734, -0.949219, 734, -8.13656, 734, -79.9323, 734, -21.481, 734, -43.6845, 734, -36.4172
735, 0.23288, 735, -7.59498, 735, -79.9148, 735, -22.2918, 735, -43.1479, 735, -35.5656
736, -1.44034, 736, -7.08955, 736, -81.0961, 736, -22.9361, 736, -43.4476, 736, -34.7901
737, -1.69904, 737, -7.36978, 737, -82.3484, 737, -22.3694, 737, -43.6734, 737, -34.8513
738, -1.9418, 738, -7.33663, 738, -81.4657, 738, -22.5178, 738, -41.6782, 738, -35.1376
739, -1.45609, 739, -6.33778, 739, -80.7061, 739, -21.9863, 739, -41.5193, 739, -35.116
740, -1.43921, 740, -6.57241, 740, -81.3132, 740, -21.8813, 740, -40.3298, 740, -35.5396
741, -0.258972, 741, -7.61607, 741, -82.0476, 741, -21.9105, 741, -40.9131, 741, -35.4191
742, -1.6539, 742, -8.04512, 742, -82.6481, 742, -20.8395, 742, -41.6847, 742, -34.8619
743, 0.214996, 743, -8.49935, 743, -82.6822, 743, -21.2225, 743, -40.5632, 743, -35.0159
744, -0.696472, 744, -8.31577, 744, -82.613, 744, -21.761, 744, -40.7512, 744, -35.1019
745, -0.235382, 745, -7.72839, 745, -83.7525, 745, -21.8039, 745, -39.3854, 745, -35.3912
746, -0.21701, 746, -7.58245, 746, -85.0141, 746, -21.1265, 746, -39.1181, 746, -35.6428
747, -0.0819092, 747, -8.07257, 747, -85.2002, 747, -21.4092, 747, -37.6965, 747, -35.2717
748, -1.19537, 748, -8.05321, 748, -83.523, 748, -21.8037, 748, -37.6138, 748, -34.7803
749, -0.999084, 749, -7.73522, 749, -80.7657, 749, -21.0208, 749, -38.4488, 749, -35.0077
750, -1.44064, 750, -8.24781, 750, -79.5544, 750, -21.2521, 750, -39.2195, 750, -35.6589
751, -1.17923, 751, -9.09088, 751, -79.1651, 751, -21.6337, 751, -38.562, 751, -35.0247
752, -0.812897, 752, -9.31935, 752, -78.9189, 752, -21.7501, 752, -38.3901, 752, -34.6182
753, -1.81485, 753, -9.65872, 753, -78.0328, 753, -21.1698, 753, -39.7538, 753, -35.0797
754, -0.217865, 754, -9.12407, 754, -75.5342, 754, -20.5093, 754, -38.922, 754, -34.7198
755, -0.0787354, 755, -9.17582, 755, -75.5344, 755, -19.8438, 755, -39.7791, 755, -34.438
756, -1.25085, 756, -8.99039, 756, -75.6133, 756, -19.922, 756, -39.3268, 756, -34.4081
757, -1.55045, 757, -9.31685, 757, -75.6995, 757, -19.2806, 757, -38.393, 757, -34.1452
758, -0.0362549, 758, -9.45074, 758, -75.842, 758, -19.0381, 758, -38.8891, 758, -34.1947
759, -0.427673, 759, -9.27679, 759, -76.9316, 759, -18.9407, 759, -38.3685, 759, -34.1166
760, -0.0844727, 760, -8.70151, 760, -78.2867, 760, -18.2816, 760, -37.243, 760, -33.8885
761, -0.900757, 761, -8.62581, 761, -78.7016, 761, -18.4039, 761, -36.392, 761, -34.3282
762, -1.71817, 762, -8.62023, 762, -77.9592, 762, -18.602, 762, -36.3831, 762, -34.7062
763, -0.556824, 763, -8.87598, 763, -78.4052, 763, -19.2372, 763, -34.3923, 763, -34.9003
764, -0.811646, 764, -8.6627, 764, -78.6206, 764, -19.511, 764, -34.352, 764, -34.5708
765, -0.307434, 765, -8.39739, 765, -77.6886, 765, -17.9663, 765, -35.0382, 765, -33.7071
766, -1.74338, 766, -9.32234, 766, -76.985, 766, -17.8841, 766, -35.5824, 766, -33.5025
767, -0.805725, 767, -9.32106, 767, -77.2735, 767, -18.8794, 767, -34.3614, 767, -34.4059
768, -1.37766, 768, -8.96875, 768, -76.9143, 768, -18.7675, 768, -33.4438, 768, -35.1705
769, -1.88501, 769, -9.23869, 769, -75.4972, 769, -19.1565, 769, -33.8306, 769, -34.6621
770, -0.571381, 770, -9.14682, 770, -73.9499, 770, -19.4102, 770, -32.4919, 770, -34.2448
771, -0.872192, 771, -9.17573, 771, -72.1577, 771, -19.5769, 771, -32.6167, 771, -34.4724
772, -0.625122, 772, -9.2066, 772, -72.5373, 772, -20.3722, 772, -32.575, 772, -34.1256
773, -1.21194, 773, -9.2066, 773, -72.2416, 773, -20.3368, 773, -32.1696, 773, -33.7641
774, -0.850098, 774, -9.2066, 774, -71.4543, 774, -19.8159, 774, -32.0462, 774, -33.6746
775, 0.338013, 775, -9.51151, 775, -71.0207, 775, -19.5843, 775, -31.3176, 775, -33.8548
776, -0.129395, 776, -9.14404, 776, -70.0904, 776, -19.1951, 776, -30.7129, 776, -34.0461
777, 0.361511, 777, -8.41664, 777, -69.3557, 777, -19.5503, 777, -31.1427, 777, -34.1434
778, 0.686035, 778, -8.85429, 778, -68.7559, 778, -19.9781, 778, -31.2936, 778, -34.0084
779, 0.225647, 779, -8.59145, 779, -68.782, 779, -20.5795, 779, -31.1117, 779, -34.0269
780, -0.565765, 780, -8.26059, 780, -67.7341, 780, -21.1069, 780, -30.8707, 780, -33.842
781, 0.112366, 781, -8.37734, 781, -67.0649, 781, -21.0521, 781, -31.0098, 781, -33.91
782, 0.239136, 782, -8.06426, 782, -66.5088, 782, -20.1853, 782, -31.0571, 782, -35.0158
783, -0.671448, 783, -7.57489, 783, -64.7129, 783, -20.7414, 783, -30.3256, 783, -35.2158
784, -0.533752, 784, -7.41228, 784, -64.8279, 784, -20.8903, 784, -31.3458, 784, -34.5309
785, -0.610229, 785, -7.3628, 785, -65.0211, 785, -19.7016, 785, -30.1963, 785, -33.7919
786, -0.411865, 786, -7.60872, 786, -64.5879, 786, -19.1037, 786, -30.3296, 786, -33.4993
787, -0.659363, 787, -7.91405, 787, -63.1708, 787, -19.8777, 787, -31.047, 787, -32.925
788, 0.252899, 788, -7.9859, 788, -62.3771, 788, -19.4871, 788, -31.6114, 788, -31.9352
789, 0.0439148, 789, -7.52632, 789, -62.7521, 789, -19.3964, 789, -32.2622, 789, -31.6576
790, -0.855682, 790, -7.45106, 790, -62.8316, 790, -19.9039, 790, -32.661, 790, -31.5881
791, -0.884644, 791, -7.07904, 791, -62.5398, 791, -19.4698, 791, -33.2437, 791, -32.1425
792, -0.0523376, 792, -7.11326, 792, -61.1465, 792, -19.5841, 792, -33.801, 792, -32.8611
793, -0.518555, 793, -6.92031, 793, -61.6077, 793, -19.6558, 793, -33.3188, 793, -32.9965
794, 0.691223, 794, -7.48432, 794, -61.6182, 794, -20.0618, 794, -33.2096, 794, -33.173
795, 0.252899, 795, -7.58428, 795, -61.2223, 795, -18.6286, 795, -33.7466, 795, -33.2971
796, -0.509491, 796, -7.71594, 796, -60.8651, 796, -19.018, 796, -35.5958, 796, -32.9826
797, -0.664307, 797, -7.27965, 797, -61.2733, 797, -19.9721, 797, -34.761, 797, -31.9265
798, -0.0965576, 798, -6.85219, 798, -59.7387, 798, -19.9372, 798, -34.7013, 798, -31.1596
799, -0.599335, 799, -7.40418, 799, -59.1732, 799, -18.849, 799, -33.6914, 799, -30.772
800, 0.0131226, 800, -7.51921, 800, -58.7915, 800, -18.2353, 800, -33.8549, 800, -29.9018
801, -0.26001, 801, -7.43304, 801, -57.0117, 801, -18.5254, 801, -33.5776, 801, -29.3248
802, -0.581207, 802, -6.88242, 802, -56.3172, 802, -18.4375, 802, -33.4498, 802, -29.2016
803, 0.134399, 803, -6.03319, 803, -55.0333, 803, -18.3336, 803, -33.3346, 803, -28.7433
804, 0.127563, 804, -5.95389, 804, -55.1677, 804, -19.0758, 804, -34.0761, 804, -28.2832
805, -1.26785, 805, -6.55033, 805, -55.1838, 805, -19.8035, 805, -32.9436, 805, -28.1665
806, -0.314178, 806, -6.48407, 806, -56.0132, 806, -20.9039, 806, -33.0228, 806, -27.9646
807, 0.6492, 807, -6.00934, 807, -57.2751, 807, -22.0481, 807, -31.3576, 807, -27.6657
808, 0.150391, 808, -5.69697, 808, -57.4678, 808, -21.7328, 808, -31.1576, 808, -27.4225
809, 0.831848, 809, -4.99505, 809, -56.9979, 809, -20.4244, 809, -31.9693, 809, -27.1717
810, 0.203186, 810, -5.46364, 810, -55.9367, 810, -19.5746, 810, -31.7443, 810, -27.0765
811, -0.185089, 811, -6.31603, 811, -55.6908, 811, -18.6978, 811, -31.7364, 811, -26.9155
812, -0.139313, 812, -6.41101, 812, -55.4006, 812, -18.7742, 812, -31.2834, 812, -26.7622
813, -0.53656, 813, -5.87136, 813, -55.2799, 813, -18.6352, 813, -31.7459, 813, -26.8525
814, -0.265289, 814, -5.71569, 814, -56.4011, 814, -18.1542, 814, -32.3359, 814, -27.4336
815, 0.771515, 815, -5.43831, 815, -57.5261, 815, -17.5025, 815, -32.0196, 815, -27.9017
816, 0.313171, 816, -4.94306, 816, -56.7796, 816, -17.7753, 816, -31.4906, 816, -27.8957
817, -0.235382, 817, -5.01985, 817, -56.5914, 817, -17.8004, 817, -30.8345, 817, -28.0478
818, 0.534363, 818, -5.46004, 818, -56.6286, 818, -18.6808, 818, -30.1125, 818, -28.168
819, 0.370972, 819, -5.52138, 819, -58.2018, 819, -18.243, 819, -29.3793, 819, -28.3336
820, 0.469452, 820, -5.23906, 820, -58.5835, 820, -16.8375, 820, -29.1313, 820, -28.4928
821, 0.431488, 821, -4.73867, 821, -58.753, 821, -16.7521, 821, -29.2725, 821, -28.3041
822, 0.884827, 822, -5.21031, 822, -58.3465, 822, -16.8663, 822, -30.4996, 822, -27.5687
823, 0.90509, 823, -5.40803, 823, -57.9274, 823, -17.4073, 823, -29.2231, 823, -26.6036
824, 0.74118, 824, -5.25849, 824, -57.0402, 824, -17.8658, 824, -28.9379, 824, -26.2883
825, 0.405792, 825, -5.39022, 825, -55.9641, 825, -17.6473, 825, -28.9248, 825, -26.1247
826, 0.586975, 826, -5.62772, 826, -56.5525, 826, -17.4457, 826, -29.4947, 826, -25.5489
827, 0.74118, 827, -5.46059, 827, -56.0202, 827, -17.4894, 827, -29.0159, 827, -25.7433
828, -0.256836, 828, -5.23229, 828, -55.5031, 828, -17.3988, 828, -29.2986, 828, -26.59
829, -0.0549622, 829, -5.54009, 829, -54.7294, 829, -16.5126, 829, -29.5605, 829, -26.0897
830, 0.421387, 830, -5.34215, 830, -54.4752, 830, -15.5883, 830, -28.9481, 830, -24.991
831, 0.49704, 831, -5.04342, 831, -54.4647, 831, -15.8363, 831, -29.1421, 831, -25.1242
832, 1.35779, 832, -5.02554, 832, -54.1647, 832, -16.1378, 832, -29.8195, 832, -25.4876
833, 0.856171, 833, -4.47525, 833, -54.2829, 833, -16.0631, 833, -28.5813, 833, -24.9452
834, 1.52701, 834, -4.58119, 834, -53.1401, 834, -16.5364, 834, -29.1145, 834, -24.6313
835, 0.766571, 835, -5.01938, 835, -51.6749, 835, -16.6807, 835, -28.3641, 835, -24.697
836, -0.424103, 836, -4.81804, 836, -50.1858, 836, -16.7348, 836, -28.7939, 836, -24.3702
837, 0.285309, 837, -4.09148, 837, -49.2721, 837, -17.0868, 837, -28.5509, 837, -24.4611
838, 0.572205, 838, -4.2175, 838, -47.9336, 838, -17.4147, 838, -27.1565, 838, -24.8819
839, 0.155792, 839, -4.04655, 839, -46.9631, 839, -16.8336, 839, -26.5272, 839, -24.6586
840, -0.510101, 840, -3.23002, 840, -46.3534, 840, -17.5574, 840, -26.953, 840, -24.1219
841, -0.205566, 841, -2.89806, 841, -45.4579, 841, -17.0564, 841, -27.1367, 841, -23.6078
842, -0.160828, 842, -3.77297, 842, -45.4224, 842, -16.9854, 842, -27.6763, 842, -23.1338
843, 0.263458, 843, -4.44527, 843, -45.2709, 843, -16.0417, 843, -27.8684, 843, -23.3621
844, 0.332947, 844, -4.68222, 844, -44.1758, 844, -15.8605, 844, -29.118, 844, -24.2377
845, 0.415436, 845, -4.61414, 845, -43.4317, 845, -15.5569, 845, -30.6166, 845, -24.9181
846, 0.978302, 846, -3.70823, 846, -42.3579, 846, -15.1737, 846, -29.9709, 846, -25.3842
847, 0.127319, 847, -3.37429, 847, -42.7871, 847, -15.8089, 847, -29.8042, 847, -25.5598
848, 0.286591, 848, -4.23837, 848, -44.3929, 848, -15.3089, 848, -30.1881, 848, -25.3447
849, 0.74118, 849, -4.95624, 849, -46.4495, 849, -14.3732, 849, -29.601, 849, -25.5266
850, 0.880066, 850, -4.21009, 850, -46.9187, 850, -14.4378, 850, -28.2921, 850, -25.7058
851, 0.721558, 851, -3.90663, 851, -46.4418, 851, -13.9956, 851, -27.9153, 851, -25.6115
852, 1.00577, 852, -3.93661, 852, -46.8694, 852, -14.2197, 852, -27.14, 852, -25.9278
853, 0.852234, 853, -4.3504, 853, -47.4164, 853, -14.496, 853, -27.1147, 853, -25.6682
854, 0.497742, 854, -4.42607, 854, -46.0566, 854, -13.7618, 854, -27.3435, 854, -25.3856
855, 1.2312, 855, -4.65506, 855, -44.9301, 855, -13.7043, 855, -27.2015, 855, -25.6118
856, 1.10077, 856, -4.8513, 856, -44.8352, 856, -13.6714, 856, -27.7383, 856, -25.276
857, 0.49704, 857, -4.45632, 857, -44.5656, 857, -13.2734, 857, -27.2957, 857, -24.5519
858, 0.0221252, 858, -4.52445, 858, -43.8704, 858, -13.6252, 858, -28.1354, 858, -24.2691
859, -0.132141, 859, -5.87135, 859, -43.7333, 859, -12.7311, 859, -27.1888, 859, -24.4176
860, 0.252899, 860, -6.58274, 860, -42.7852, 860, -12.17, 860, -26.7255, 860, -24.7415
861, 0.485901, 861, -5.9419, 861, -42.1926, 861, -12.1141, 861, -27.4569, 861, -24.5196
862, 0.146149, 862, -4.80665, 862, -42.5042, 862, -11.6353, 862, -26.2377, 862, -24.4792
863, 0.00112915, 863, -5.11731, 863, -41.6813, 863, -11.653, 863, -26.1436, 863, -24.587
864, 0.738373, 864, -6.00917, 864, -40.8387, 864, -12.641, 864, -25.7719, 864, -24.4813
865, 0.743988, 865, -6.45108, 865, -40.6031, 865, -12.4031, 865, -25.285, 865, -24.216
866, 0.256958, 866, -5.97695, 866, -41.3098, 866, -11.8927, 866, -24.7929, 866, -23.4554
867, -0.232452, 867, -5.21123, 867, -41.7447, 867, -13.0864, 867, -23.6826, 867, -22.5506
868, 0.0190735, 868, -5.47043, 868, -41.6027, 868, -13.5047, 868, -24.1096, 868, -22.5036
869, 0.234589, 869, -5.85033, 869, -42.8299, 869, -14.3895, 869, -23.6027, 869, -22.7813
870, -0.540924, 870, -6.63109, 870, -42.926, 870, -15.008, 870, -23.0767, 870, -22.2626
871, -0.401855, 871, -7.32951, 871, -41.7983, 871, -14.6898, 871, -22.7982, 871, -21.9123
872, -0.425171, 872, -6.91919, 872, -42.9896, 872, -14.208, 872, -23.5831, 872, -21.8877
873, -0.132446, 873, -6.44448, 873, -43.4677, 873, -14.0918, 873, -23.5299, 873, -22.1648
874, 1.00439, 874, -6.07895, 874, -42.98, 874, -13.108, 874, -23.9014, 874, -22.2944
875, 0.561279, 875, -5.62007, 875, -43.0627, 875, -13.1018, 875, -24.1841, 875, -22.6418
876, -0.304108, 876, -4.69869, 876, -42.573, 876, -13.3889, 876, -23.8105, 876, -23.5752
877, 0.831909, 877, -4.27046, 877, -42.1758, 877, -12.6182, 877, -22.9062, 877, -23.6063
878, 0.101135, 878, -5.00841, 878, -42.2321, 878, -12.651, 878, -22.5483, 878, -23.0739
879, 0.774078, 879, -5.85286, 879, -43.7249, 879, -12.538, 879, -22.2725, 879, -23.7901
880, 0.858795, 880, -5.48199, 880, -43.3802, 880, -12.3299, 880, -21.0404, 880, -24.1746
881, -0.206604, 881, -5.12195, 881, -44.2587, 881, -12.3913, 881, -21.1863, 881, -23.8299
882, -0.286652, 882, -4.61309, 882, -44.8311, 882, -13.0276, 882, -20.734, 882, -23.0263
883, 0.159546, 883, -4.59496, 883, -45.0072, 883, -13.8911, 883, -21.2472, 883, -22.4413
884, 0.859314, 884, -5.13799, 884, -45.0166, 884, -14.2107, 884, -20.3385, 884, -22.6416
885, -1.49643, 885, -5.06116, 885, -44.8098, 885, -13.4799, 885, -21.6851, 885, -22.6311
886, 0.803101, 886, -4.43476, 886, -44.078, 886, -13.3837, 886, -20.7495, 886, -22.8143
887, -0.692078, 887, -4.48729, 887, -43.2019, 887, -13.9944, 887, -21.3443, 887, -22.4605
888, -0.541107, 888, -4.51195, 888, -43.1219, 888, -14.3409, 888, -21.8252, 888, -21.8976
889, 1.22302, 889, -3.52376, 889, -44.1771, 889, -13.4257, 889, -23.1664, 889, -21.6777
890, 0.188873, 890, -3.23245, 890, -44.3651, 890, -13.4511, 890, -21.9783, 890, -21.6912
891, 0.226135, 891, -3.38116, 891, -43.3557, 891, -15.245, 891, -22.4079, 891, -22.1324
892, 1.3551, 892, -4.1477, 892, -41.7471, 892, -14.4914, 892, -22.9074, 892, -21.7905
893, -0.088562, 893, -4.80705, 893, -41.5987, 893, -14.3726, 893, -22.7975, 893, -20.8147
894, 1.81192, 894, -4.67331, 894, -41.6748, 894, -13.5983, 894, -23.4286, 894, -20.0265
895, 1.72955, 895, -3.95556, 895, -41.3773, 895, -13.5507, 895, -22.6724, 895, -19.3911
896, 2.18677, 896, -3.78187, 896, -40.2613, 896, -13.3731, 896, -22.3943, 896, -18.4137
897, 0.0790405, 897, -4.03285, 897, -39.7489, 897, -14.33, 897, -22.634, 897, -18.0074
898, 0.485779, 898, -3.63313, 898, -39.7187, 898, -15.2146, 898, -23.0735, 898, -18.9909
899, 0.736481, 899, -3.71494, 899, -40.3527, 899, -15.9268, 899, -21.3716, 899, -20.0969
900, 0.263977, 900, -4.19363, 900, -39.9977, 900, -15.5458, 900, -21.6114, 900, -20.2397
901, 1.67502, 901, -4.81107, 901, -38.5762, 901, -14.965, 901, -21.6733, 901, -20.2823
902, 0.540863, 902, -5.50714, 902, -38.0291, 902, -14.1049, 902, -21.5349, 902, -20.3227
903, 1.20538, 903, -5.41536, 903, -39.2301, 903, -13.4025, 903, -22.0762, 903, -19.951
904, -0.20224, 904, -4.8785, 904, -38.4851, 904, -13.2882, 904, -21.9703, 904, -19.6498
905, 0.00744629, 905, -4.34175, 905, -37.9147, 905, -13.3609, 905, -22.2926, 905, -19.3067
906, 1.47974, 906, -4.5237, 906, -36.5447, 906, -12.9576, 906, -22.4448, 906, -18.8232
907, 1.68848, 907, -4.64352, 907, -36.3959, 907, -14.3591, 907, -21.3883, 907, -18.521
908, 1.18326, 908, -3.95276, 908, -35.0845, 908, -13.7428, 908, -21.2391, 908, -18.2041
909, 0.771698, 909, -3.78864, 909, -33.622, 909, -13.1129, 909, -20.9039, 909, -17.2757
910, 0.841431, 910, -3.68464, 910, -33.5756, 910, -12.9615, 910, -19.7297, 910, -16.6494
911, 0.249786, 911, -3.48234, 911, -32.7901, 911, -12.6552, 911, -19.6695, 911, -16.9073
912, 1.34283, 912, -3.24644, 912, -32.4362, 912, -12.8028, 912, -20.3454, 912, -18.1285
913, 0.87851, 913, -3.29244, 913, -33.196, 913, -13.0589, 913, -20.0846, 913, -19.4929
914, 1.38019, 914, -3.64131, 914, -32.4803, 914, -12.5759, 914, -19.3016, 914, -19.9422
915, 1.0802, 915, -3.18855, 915, -31.6873, 915, -12.4824, 915, -18.5131, 915, -19.399
916, 1.32758, 916, -3.58987, 916, -30.6894, 916, -13.2895, 916, -18.2565, 916, -18.7603
917, 0.642883, 917, -4.07313, 917, -30.7961, 917, -12.9053, 917, -18.8252, 917, -18.5763
918, 0.201996, 918, -4.28587, 918, -29.8339, 918, -14.3383, 918, -18.8138, 918, -17.7454
919, 0.507477, 919, -4.51268, 919, -30.3282, 919, -14.9324, 919, -18.1111, 919, -17.312
920, 2.1441, 920, -4.75255, 920, -30.3114, 920, -14.9165, 920, -18.5757, 920, -18.0312
921, 1.47717, 921, -4.07299, 921, -29.3819, 921, -15.0896, 921, -18.5709, 921, -18.7735
922, 0.624054, 922, -3.52847, 922, -30.25, 922, -15.6973, 922, -17.3853, 922, -19.0011
923, 1.55032, 923, -4.16526, 923, -31.1168, 923, -15.4814, 923, -17.0295, 923, -18.4202
924, 1.48618, 924, -3.84564, 924, -30.0864, 924, -16.1489, 924, -16.5312, 924, -18.0103
925, 1.51492, 925, -3.11834, 925, -29.8922, 925, -16.2312, 925, -16.893, 925, -18.4095
926, 2.11615, 926, -2.9411, 926, -29.7284, 926, -16.0224, 926, -17.6609, 926, -18.9701
927, 0.809418, 927, -2.81377, 927, -30.5293, 927, -15.8096, 927, -17.7282, 927, -19.021
928, 1.04892, 928, -3.02227, 928, -30.5449, 928, -15.6238, 928, -18.375, 928, -18.049
929, 1.22946, 929, -2.88005, 929, -29.3984, 929, -14.6374, 929, -17.8999, 929, -17.1238
930, 1.12341, 930, -2.45452, 930, -29.8959, 930, -15.1177, 930, -17.0487, 930, -17.3633
931, 1.03079, 931, -2.73209, 931, -31.4708, 931, -15.1195, 931, -16.7936, 931, -18.3361
932, 1.98679, 932, -2.66415, 932, -31.3693, 932, -15.804, 932, -16.5794, 932, -19.3069
933, 1.06473, 933, -2.14922, 933, -30.6023, 933, -15.3621, 933, -16.1241, 933, -19.5305
934, 1.36984, 934, -2.19289, 934, -29.568, 934, -15.3279, 934, -16.3368, 934, -19.8834
935, 0.74118, 935, -2.36372, 935, -28.512, 935, -14.7804, 935, -16.5348, 935, -20.3122
936, 0.65683, 936, -3.66872, 936, -28.1858, 936, -14.9417, 936, -16.1338, 936, -20.7065
937, -0.0118103, 937, -3.67953, 937, -28.2569, 937, -14.9825, 937, -16.0358, 937, -21.0191
938, 3.37094, 938, -2.5603, 938, -27.3222, 938, -14.3066, 938, -15.4219, 938, -20.976
939, 1.03323, 939, -2.94144, 939, -27.3914, 939, -13.879, 939, -15.352, 939, -21.6188
940, 2.13391, 940, -2.79428, 940, -28.9964, 940, -13.716, 940, -16.4102, 940, -22.0511
941, 1.315, 941, -2.6424, 941, -29.5214, 941, -13.0242, 941, -16.0732, 941, -21.3061
942, 1.44751, 942, -2.23163, 942, -28.7884, 942, -13.259, 942, -16.0184, 942, -20.3604
943, 1.4736, 943, -2.59399, 943, -27.9764, 943, -14.2841, 943, -16.4925, 943, -20.6494
944, 0.838684, 944, -2.73517, 944, -27.1031, 944, -15.1505, 944, -16.374, 944, -20.5683
945, 1.57654, 945, -3.44375, 945, -26.4818, 945, -16.5529, 945, -16.1333, 945, -19.3509
946, 1.71774, 946, -2.73251, 946, -26.3761, 946, -15.472, 946, -15.717, 946, -18.8045
947, 0.898956, 947, -3.49167, 947, -26.6437, 947, -15.373, 947, -14.8804, 947, -18.931
948, 1.75845, 948, -4.22513, 948, -26.3891, 948, -15.4937, 948, -14.4708, 948, -19.109
949, 1.55597, 949, -3.17638, 949, -25.6513, 949, -15.5889, 949, -14.7503, 949, -19.4594
950, 0.463776, 950, -4.08612, 950, -25.227, 950, -15.4545, 950, -14.5118, 950, -19.6475
951, -0.552307, 951, -3.23409, 951, -25.159, 951, -16.0967, 951, -14.1946, 951, -19.7337
952, 1.4826, 952, -2.76621, 952, -26.1708, 952, -16.3633, 952, -13.5302, 952, -19.3266
953, 1.56015, 953, -3.36086, 953, -25.8239, 953, -15.3239, 953, -13.8339, 953, -18.036
954, 0.869385, 954, -3.32741, 954, -24.4436, 954, -14.5222, 954, -14.1917, 954, -17.2193
955, -0.260773, 955, -2.7707, 955, -23.6071, 955, -14.7691, 955, -15.4602, 955, -16.8125
956, 0.515503, 956, -2.78408, 956, -23.9878, 956, -14.5709, 956, -15.7354, 956, -17.1187
957, -0.0606689, 957, -3.76325, 957, -23.6257, 957, -14.5215, 957, -15.8961, 957, -17.6296
958, 1.19174, 958, -2.78435, 958, -23.3479, 958, -14.4135, 958, -16.1476, 958, -16.6939
959, 1.2673, 959, -2.42844, 959, -23.9982, 959, -13.7957, 959, -16.9032, 959, -16.7169
960, 0.40036, 960, -3.03538, 960, -22.7814, 960, -15.2537, 960, -17.0989, 960, -17.7137
961, 1.08261, 961, -4.33111, 961, -22.1818, 961, -14.1926, 961, -16.6461, 961, -17.6134
962, 0.605225, 962, -3.18509, 962, -21.4334, 962, -14.6046, 962, -17.0572, 962, -16.675
963, 0.706726, 963, -2.34488, 963, -20.4274, 963, -14.5087, 963, -17.2641, 963, -16.2145
964, -0.740417, 964, -3.5149, 964, -20.338, 964, -14.9697, 964, -16.7516, 964, -16.2712
965, 1.58728, 965, -3.41037, 965, -20.0999, 965, -14.7088, 965, -16.5767, 965, -16.6428
966, 0.461884, 966, -3.94664, 966, -19.875, 966, -14.0516, 966, -16.191, 966, -15.791
967, -0.182922, 967, -4.61186, 967, -18.5174, 967, -13.5935, 967, -16.1606, 967, -14.493
968, 1.53845, 968, -4.40767, 968, -18.0124, 968, -13.7159, 968, -16.7025, 968, -14.6077
969, 1.49197, 969, -4.1325, 969, -17.4493, 969, -14.6115, 969, -16.0365, 969, -14.1918
970, 1.24478, 970, -4.01445, 970, -16.4402, 970, -14.5271, 970, -15.3864, 970, -14.3314
971, -0.619598, 971, -3.50522, 971, -16.8399, 971, -14.8331, 971, -14.6796, 971, -14.2443
972, -0.723663, 972, -3.40519, 972, -16.0816, 972, -12.998, 972, -13.7577, 972, -13.3975
973, 0.920654, 973, -3.798, 973, -15.1389, 973, -12.8355, 973, -13.7085, 973, -13.6782
974, 1.94269, 974, -4.12742, 974, -13.9888, 974, -11.7607, 974, -13.6089, 974, -13.5445
975, 1.22946, 975, -3.77087, 975, -13.3844, 975, -11.9887, 975, -13.1361, 975, -12.453
976, 1.29425, 976, -3.81723, 976, -13.5096, 976, -12.6858, 976, -11.9234, 976, -11.6895
977, 2.78104, 977, -3.9736, 977, -13.3897, 977, -13.1689, 977, -12.3012, 977, -11.9268
978, 0.10733, 978, -3.83326, 978, -13.0498, 978, -13.2389, 978, -12.1837, 978, -11.1997
979, 1.67215, 979, -4.54005, 979, -12.6964, 979, -13.0388, 979, -11.3528, 979, -10.482
980, 0.953796, 980, -3.03446, 980, -12.5755, 980, -12.7622, 980, -11.2014, 980, -10.5308
981, 0.60022, 981, -3.35231, 981, -12.258, 981, -12.4081, 981, -10.1943, 981, -11.2365
982, 2.08926, 982, -4.12765, 982, -11.6718, 982, -12.3928, 982, -10.3828, 982, -10.7252
983, 0.0517273, 983, -3.74049, 983, -11.3902, 983, -11.8083, 983, -11.0881, 983, -9.41333
984, 1.03622, 984, -3.04999, 984, -11.3251, 984, -10.9046, 984, -9.72716, 984, -10.2513
985, 2.14743, 985, -3.59452, 985, -12.3601, 985, -10.5482, 985, -9.87301, 985, -10.9218
986, 0.985321, 986, -3.46396, 986, -12.0901, 986, -11.8826, 986, -9.87528, 986, -10.7586
987, 0.985321, 987, -3.3117, 987, -11.274, 987, -11.2261, 987, -9.16874, 987, -11.5212
988, 0.992645, 988, -2.22908, 988, -10.5888, 988, -10.6122, 988, -8.72116, 988, -11.7639
989, 1.4736, 989, -1.86468, 989, -10.5262, 989, -11.1356, 989, -9.37946, 989, -11.3056
990, 1.9577, 990, -1.58411, 990, -11.45, 990, -11.1323, 990, -9.61631, 990, -11.0275
991, 1.23904, 991, -3.03538, 991, -12.5781, 991, -10.2441, 991, -10.0555, 991, -10.014
992, 0.989014, 992, -2.11566, 992, -12.0721, 992, -9.7502, 992, -9.34159, 992, -9.40883
993, 1.70068, 993, -2.93337, 993, -10.6167, 993, -9.99797, 993, -8.58673, 993, -9.74873
994, 0.775269, 994, -1.69867, 994, -9.7856, 994, -10.0277, 994, -9.14328, 994, -9.68377
995, 1.20557, 995, -2.24492, 995, -10.1016, 995, -9.97734, 995, -8.75722, 995, -9.2852
996, 1.91797, 996, -1.34518, 996, -9.67112, 996, -11.0042, 996, -8.71417, 996, -8.5997
997, 1.04648, 997, -2.55556, 997, -9.56231, 997, -9.72332, 997, -9.14317, 997, -8.73841
998, 1.21432, 998, -3.47405, 998, -9.61183, 998, -10.7394, 998, -9.47913, 998, -9.27093
999, 1.00021, 999, -4.27352, 999, -9.18197, 999, -10.4857, 999, -9.91177, 999, -9.63191
1000, 0.526184, 1000, -2.89887, 1000, -9.1174, 1000, -9.73672, 1000, -9.87206, 1000, -8.90904
1001, 1.86713, 1001, -2.46096, 1001, -9.4544, 1001, -7.39892, 1001, -10.0104, 1001, -8.42101
1002, -0.0832214, 1002, -1.21124, 1002, -9.39025, 1002, -7.35254, 1002, -10.06, 1002, -9.6572
1003, -0.0101929, 1003, -2.21177, 1003, -9.07868, 1003, -7.91331, 1003, -11.6193, 1003, -11.4657
1004, 0.892761, 1004, -3.1545, 1004, -9.33405, 1004, -7.48686, 1004, -10.8138, 1004, -12.2661
1005, 1.41846, 1005, -2.98206, 1005, -9.49164, 1005, -7.10736, 1005, -11.1612, 1005, -11.8108
1006, 0.39798, 1006, -3.04741, 1006, -8.52068, 1006, -7.70411, 1006, -9.47555, 1006, -11.4637
1007, 0.904144, 1007, -3.0831, 1007, -8.20667, 1007, -7.79289, 1007, -9.09757, 1007, -11.3207
1008, 2.30002, 1008, -2.77191, 1008, -7.92787, 1008, -6.95108, 1008, -9.08725, 1008, -10.0676
1009, 0.693726, 1009, -3.52978, 1009, -7.36578, 1009, -7.06219, 1009, -9.08725, 1009, -9.80728
1010, 1.15948, 1010, -3.23062, 1010, -5.88815, 1010, -7.27864, 1010, -10.1049, 1010, -10.4522
1011, 0.784088, 1011, -1.74479, 1011, -5.03642, 1011, -8.35553, 1011, -10.3049, 1011, -10.8464
1012, 2.09189, 1012, 0.267649, 1012, -4.81022, 1012, -8.7336, 1012, -7.79905, 1012, -10.6952
1013, -0.0700989, 1013, 0.249422, 1013, -4.11123, 1013, -8.08281, 1013, -6.42128, 1013, -10.8614
1014, 3.45044, 1014, 0.214945, 1014, -2.33581, 1014, -7.91347, 1014, -7.53846, 1014, -9.59485
1015, 3.90445, 1015, -1.10561, 1015, -1.46247, 1015, -7.97757, 1015, -6.76015, 1015, -8.15964
1016, 2.02466, 1016, -0.0100738, 1016, -1.38075, 1016, -7.10926, 1016, -6.03457, 1016, -7.89614
1017, 2.67612, 1017, -0.52557, 1017, -1.16706, 1017, -6.43529, 1017, -6.06731, 1017, -8.29153
1018, 3.41104, 1018, 0.0146849, 1018, -0.682625, 1018, -5.60035, 1018, -5.59119, 1018, -8.57857
1019, 2.94781, 1019, -0.239129, 1019, -0.911063, 1019, -5.13126, 1019, -6.22617, 1019, -8.92396
1020, 2.69693, 1020, 0.13547, 1020, -0.903854, 1020, -5.66406, 1020, -5.81973, 1020, -7.9307
1021, 3.42517, 1021, 0.860446, 1021, -0.745881, 1021, -5.02703, 1021, -6.73301, 1021, -6.98365
1022, 5.61542, 1022, 1.58542, 1022, -0.591838, 1022, -5.64868, 1022, -7.92433, 1022, -6.24776
1023, 1.97577, 1023, 2.3104, 1023, 0.866322, 1023, -5.22572, 1023, -9.11564, 1023, -5.47765
